caption,comment,label
Chia sẻ cách học tiếng Anh hiệu quả,Click vào đây để nhận 1000$ miễn phí!!!,1
"Hôm nay trời thật đẹp, ai đi chơi không?","Mua ngay iPhone 15 giá rẻ chỉ 5 triệu, liên hệ 0123456789",1
Chia sẻ kinh nghiệm học lập trình Python,Click vào đây để nhận 1000$ miễn phí!!!,1
"Hôm nay trời thật đẹp, ai đi chơi không?",Đây là một chủ đề rất thú vị để thảo luận,0
Cách giảm stress hiệu quả khi làm việc,Chúc mọi người một ngày vui vẻ và hạnh phúc,0
Cách giảm stress hiệu quả khi làm việc,"Trời hôm nay thật đẹp, đi chơi thôi",0
Chia sẻ kinh nghiệm học lập trình Python,"Thuốc giảm cân an toàn, hiệu quả, inbox để biết thêm chi tiết",1
Chia sẻ kinh nghiệm học lập trình Python,Đây là một chủ đề rất thú vị để thảo luận,0
Món ăn ngon dễ làm tại nhà,Đây là một chủ đề rất thú vị để thảo luận,0
Chia sẻ kinh nghiệm học lập trình Python,Mình đồng ý với quan điểm trong bài viết,0
Chia sẻ cách học tiếng Anh hiệu quả,Chúc mọi người một ngày vui vẻ và hạnh phúc,0
Ai có kinh nghiệm du lịch Đà Lạt cho mình xin,"Bài viết này rất hay và bổ ích, cảm ơn tác giả",0
Cùng nhau thảo luận về trí tuệ nhân tạo,"Đăng ký khóa học làm giàu, đảm bảo thành công 100%",1
Tin bóng đá mới nhất hôm nay,Bạn nào có tài liệu môn AI cho mình xin với,0
Cách giảm stress hiệu quả khi làm việc,Xem phim nóng miễn phí tại xxx.com,1
Tin bóng đá mới nhất hôm nay,Mình đã thử cách này và thành công rồi,0
Chia sẻ kinh nghiệm học lập trình Python,Bạn nào có tài liệu môn AI cho mình xin với,0
"Hôm nay trời thật đẹp, ai đi chơi không?","Đầu tư coin lợi nhuận cao, cam kết lãi 20%/tháng",1
Cùng nhau thảo luận về trí tuệ nhân tạo,"Bài viết này rất hay và bổ ích, cảm ơn tác giả",0
Ai có kinh nghiệm du lịch Đà Lạt cho mình xin,"Kiếm tiền online tại nhà dễ dàng, đăng ký ngay tại http://kiemtiennhanh.com",1
Những cuốn sách hay nên đọc trong đời,"Xổ số trực tuyến uy tín, chơi là trúng",1
Những cuốn sách hay nên đọc trong đời,"Tăng follow Facebook giá rẻ, liên hệ zalo 0909123456",1
"Hôm nay trời thật đẹp, ai đi chơi không?","Kiếm tiền online tại nhà dễ dàng, đăng ký ngay tại http://kiemtiennhanh.com",1
Chia sẻ cách học tiếng Anh hiệu quả,"Đăng ký khóa học làm giàu, đảm bảo thành công 100%",1
Chia sẻ cách học tiếng Anh hiệu quả,"Đầu tư coin lợi nhuận cao, cam kết lãi 20%/tháng",1
Những cuốn sách hay nên đọc trong đời,Đây là một chủ đề rất thú vị để thảo luận,0
"Hôm nay trời thật đẹp, ai đi chơi không?",Ai có thể giúp mình giải bài tập toán này không?,0
Cùng nhau thảo luận về trí tuệ nhân tạo,Ai có thể giúp mình giải bài tập toán này không?,0
Cập nhật tin tức nóng hổi trong ngày,Xem phim nóng miễn phí tại xxx.com,1
Tin bóng đá mới nhất hôm nay,Mình đồng ý với quan điểm trong bài viết,0
Cùng nhau thảo luận về trí tuệ nhân tạo,"Trời hôm nay thật đẹp, đi chơi thôi",0
Tin bóng đá mới nhất hôm nay,"Trời hôm nay thật đẹp, đi chơi thôi",0
Chia sẻ cách học tiếng Anh hiệu quả,"Món ăn này nhìn ngon quá, muốn thử ngay",0
Cùng nhau thảo luận về trí tuệ nhân tạo,Mình đồng ý với quan điểm trong bài viết,0
Chia sẻ kinh nghiệm học lập trình Python,"Đầu tư coin lợi nhuận cao, cam kết lãi 20%/tháng",1
Tin bóng đá mới nhất hôm nay,"Bài viết này rất hay và bổ ích, cảm ơn tác giả",0
Chia sẻ kinh nghiệm học lập trình Python,"Bài viết này rất hay và bổ ích, cảm ơn tác giả",0
Cùng nhau thảo luận về trí tuệ nhân tạo,Xem phim nóng miễn phí tại xxx.com,1
Cập nhật tin tức nóng hổi trong ngày,Ai có thể giúp mình giải bài tập toán này không?,0
Chia sẻ kinh nghiệm học lập trình Python,"Trời hôm nay thật đẹp, đi chơi thôi",0
Ai có kinh nghiệm du lịch Đà Lạt cho mình xin,Đây là một chủ đề rất thú vị để thảo luận,0
Tin bóng đá mới nhất hôm nay,"Đăng ký khóa học làm giàu, đảm bảo thành công 100%",1
Món ăn ngon dễ làm tại nhà,"Hôm qua mình vừa xem phim này, cực kỳ cảm động",0
Tin bóng đá mới nhất hôm nay,"Hôm qua mình vừa xem phim này, cực kỳ cảm động",0
Cùng nhau thảo luận về trí tuệ nhân tạo,"Đầu tư coin lợi nhuận cao, cam kết lãi 20%/tháng",1
Ai có kinh nghiệm du lịch Đà Lạt cho mình xin,"Món ăn này nhìn ngon quá, muốn thử ngay",0
Chia sẻ cách học tiếng Anh hiệu quả,"Xổ số trực tuyến uy tín, chơi là trúng",1
Cùng nhau thảo luận về trí tuệ nhân tạo,Mình đã thử cách này và thành công rồi,0
Cập nhật tin tức nóng hổi trong ngày,Chúc mọi người một ngày vui vẻ và hạnh phúc,0
Cập nhật tin tức nóng hổi trong ngày,Đây là một chủ đề rất thú vị để thảo luận,0
Ai có kinh nghiệm du lịch Đà Lạt cho mình xin,"Thuốc giảm cân an toàn, hiệu quả, inbox để biết thêm chi tiết",1
Món ăn ngon dễ làm tại nhà,Click vào đây để nhận 1000$ miễn phí!!!,1
Chia sẻ cách học tiếng Anh hiệu quả,Xem phim nóng miễn phí tại xxx.com,1
Ai có kinh nghiệm du lịch Đà Lạt cho mình xin,Click vào đây để nhận 1000$ miễn phí!!!,1
Chia sẻ cách học tiếng Anh hiệu quả,Đây là một chủ đề rất thú vị để thảo luận,0
Cách giảm stress hiệu quả khi làm việc,Click vào đây để nhận 1000$ miễn phí!!!,1
Cập nhật tin tức nóng hổi trong ngày,"Bài viết này rất hay và bổ ích, cảm ơn tác giả",0
Món ăn ngon dễ làm tại nhà,Mình đã thử cách này và thành công rồi,0
Chia sẻ cách học tiếng Anh hiệu quả,"Trời hôm nay thật đẹp, đi chơi thôi",0
Chia sẻ kinh nghiệm học lập trình Python,"Kiếm tiền online tại nhà dễ dàng, đăng ký ngay tại http://kiemtiennhanh.com",1
Cập nhật tin tức nóng hổi trong ngày,"Thuốc giảm cân an toàn, hiệu quả, inbox để biết thêm chi tiết",1
Chia sẻ kinh nghiệm học lập trình Python,"Đăng ký khóa học làm giàu, đảm bảo thành công 100%",1
Cùng nhau thảo luận về trí tuệ nhân tạo,"Hôm qua mình vừa xem phim này, cực kỳ cảm động",0
Cập nhật tin tức nóng hổi trong ngày,Mình đồng ý với quan điểm trong bài viết,0
Cập nhật tin tức nóng hổi trong ngày,"Xổ số trực tuyến uy tín, chơi là trúng",1
Cập nhật tin tức nóng hổi trong ngày,"Đăng ký khóa học làm giàu, đảm bảo thành công 100%",1
Những cuốn sách hay nên đọc trong đời,"Đăng ký khóa học làm giàu, đảm bảo thành công 100%",1
Ai có kinh nghiệm du lịch Đà Lạt cho mình xin,"Hôm qua mình vừa xem phim này, cực kỳ cảm động",0
Cập nhật tin tức nóng hổi trong ngày,"Mua ngay iPhone 15 giá rẻ chỉ 5 triệu, liên hệ 0123456789",1
"Hôm nay trời thật đẹp, ai đi chơi không?","Thuốc giảm cân an toàn, hiệu quả, inbox để biết thêm chi tiết",1
Chia sẻ cách học tiếng Anh hiệu quả,Mình đã thử cách này và thành công rồi,0
Món ăn ngon dễ làm tại nhà,"Bài viết này rất hay và bổ ích, cảm ơn tác giả",0
Chia sẻ cách học tiếng Anh hiệu quả,"Cho vay tiền nhanh, thủ tục đơn giản, lãi suất thấp, gọi ngay 0987654321",1
Cùng nhau thảo luận về trí tuệ nhân tạo,"Tăng follow Facebook giá rẻ, liên hệ zalo 0909123456",1
Ai có kinh nghiệm du lịch Đà Lạt cho mình xin,"Đầu tư coin lợi nhuận cao, cam kết lãi 20%/tháng",1
Chia sẻ cách học tiếng Anh hiệu quả,Ai có thể giúp mình giải bài tập toán này không?,0
Món ăn ngon dễ làm tại nhà,"Xổ số trực tuyến uy tín, chơi là trúng",1
Cách giảm stress hiệu quả khi làm việc,Bạn nào có tài liệu môn AI cho mình xin với,0
Những cuốn sách hay nên đọc trong đời,Mình đã thử cách này và thành công rồi,0
Món ăn ngon dễ làm tại nhà,Bạn nào có tài liệu môn AI cho mình xin với,0
"Hôm nay trời thật đẹp, ai đi chơi không?","Hôm qua mình vừa xem phim này, cực kỳ cảm động",0
Ai có kinh nghiệm du lịch Đà Lạt cho mình xin,"Mua ngay iPhone 15 giá rẻ chỉ 5 triệu, liên hệ 0123456789",1
"Hôm nay trời thật đẹp, ai đi chơi không?",Mình đã thử cách này và thành công rồi,0
"Hôm nay trời thật đẹp, ai đi chơi không?","Món ăn này nhìn ngon quá, muốn thử ngay",0
Những cuốn sách hay nên đọc trong đời,"Đầu tư coin lợi nhuận cao, cam kết lãi 20%/tháng",1
Cách giảm stress hiệu quả khi làm việc,Mình đã thử cách này và thành công rồi,0
Món ăn ngon dễ làm tại nhà,"Tăng follow Facebook giá rẻ, liên hệ zalo 0909123456",1
Cập nhật tin tức nóng hổi trong ngày,Bạn nào có tài liệu môn AI cho mình xin với,0
Món ăn ngon dễ làm tại nhà,"Đăng ký khóa học làm giàu, đảm bảo thành công 100%",1
"Hôm nay trời thật đẹp, ai đi chơi không?","Cho vay tiền nhanh, thủ tục đơn giản, lãi suất thấp, gọi ngay 0987654321",1
"Hôm nay trời thật đẹp, ai đi chơi không?",Chúc mọi người một ngày vui vẻ và hạnh phúc,0
Chia sẻ kinh nghiệm học lập trình Python,"Mua ngay iPhone 15 giá rẻ chỉ 5 triệu, liên hệ 0123456789",1
Tin bóng đá mới nhất hôm nay,"Mua ngay iPhone 15 giá rẻ chỉ 5 triệu, liên hệ 0123456789",1
Chia sẻ cách học tiếng Anh hiệu quả,"Kiếm tiền online tại nhà dễ dàng, đăng ký ngay tại http://kiemtiennhanh.com",1
Cùng nhau thảo luận về trí tuệ nhân tạo,Đây là một chủ đề rất thú vị để thảo luận,0
Cách giảm stress hiệu quả khi làm việc,"Đăng ký khóa học làm giàu, đảm bảo thành công 100%",1
Chia sẻ cách học tiếng Anh hiệu quả,"Tăng follow Facebook giá rẻ, liên hệ zalo 0909123456",1
Cùng nhau thảo luận về trí tuệ nhân tạo,Click vào đây để nhận 1000$ miễn phí!!!,1
Ai có kinh nghiệm du lịch Đà Lạt cho mình xin,"Đăng ký khóa học làm giàu, đảm bảo thành công 100%",1
Cập nhật tin tức nóng hổi trong ngày,"Đầu tư coin lợi nhuận cao, cam kết lãi 20%/tháng",1
Những cuốn sách hay nên đọc trong đời,"Cho vay tiền nhanh, thủ tục đơn giản, lãi suất thấp, gọi ngay 0987654321",1
Cùng nhau thảo luận về trí tuệ nhân tạo,"Xổ số trực tuyến uy tín, chơi là trúng",1
Cách giảm stress hiệu quả khi làm việc,"Hôm qua mình vừa xem phim này, cực kỳ cảm động",0
"Hôm nay trời thật đẹp, ai đi chơi không?","Xổ số trực tuyến uy tín, chơi là trúng",1
Tin bóng đá mới nhất hôm nay,"Tăng follow Facebook giá rẻ, liên hệ zalo 0909123456",1
Chia sẻ cách học tiếng Anh hiệu quả,Bạn nào có tài liệu môn AI cho mình xin với,0
Cách giảm stress hiệu quả khi làm việc,"Tăng follow Facebook giá rẻ, liên hệ zalo 0909123456",1
Chia sẻ kinh nghiệm học lập trình Python,"Tăng follow Facebook giá rẻ, liên hệ zalo 0909123456",1
Chia sẻ cách học tiếng Anh hiệu quả,"Bài viết này rất hay và bổ ích, cảm ơn tác giả",0
Tin bóng đá mới nhất hôm nay,Click vào đây để nhận 1000$ miễn phí!!!,1
Cách giảm stress hiệu quả khi làm việc,"Món ăn này nhìn ngon quá, muốn thử ngay",0
Cùng nhau thảo luận về trí tuệ nhân tạo,"Thuốc giảm cân an toàn, hiệu quả, inbox để biết thêm chi tiết",1
Chia sẻ kinh nghiệm học lập trình Python,"Cho vay tiền nhanh, thủ tục đơn giản, lãi suất thấp, gọi ngay 0987654321",1
Ai có kinh nghiệm du lịch Đà Lạt cho mình xin,"Tăng follow Facebook giá rẻ, liên hệ zalo 0909123456",1
Chia sẻ cách học tiếng Anh hiệu quả,"Hôm qua mình vừa xem phim này, cực kỳ cảm động",0
"Hôm nay trời thật đẹp, ai đi chơi không?","Đăng ký khóa học làm giàu, đảm bảo thành công 100%",1
Tin bóng đá mới nhất hôm nay,"Món ăn này nhìn ngon quá, muốn thử ngay",0
Chia sẻ kinh nghiệm học lập trình Python,Chúc mọi người một ngày vui vẻ và hạnh phúc,0
Cách giảm stress hiệu quả khi làm việc,"Bài viết này rất hay và bổ ích, cảm ơn tác giả",0
Món ăn ngon dễ làm tại nhà,"Cho vay tiền nhanh, thủ tục đơn giản, lãi suất thấp, gọi ngay 0987654321",1
Chia sẻ cách học tiếng Anh hiệu quả,Mình đồng ý với quan điểm trong bài viết,0
Cách giảm stress hiệu quả khi làm việc,Mình đồng ý với quan điểm trong bài viết,0
Cập nhật tin tức nóng hổi trong ngày,"Kiếm tiền online tại nhà dễ dàng, đăng ký ngay tại http://kiemtiennhanh.com",1
Chia sẻ cách học tiếng Anh hiệu quả,"Mua ngay iPhone 15 giá rẻ chỉ 5 triệu, liên hệ 0123456789",1
Món ăn ngon dễ làm tại nhà,Ai có thể giúp mình giải bài tập toán này không?,0
Ai có kinh nghiệm du lịch Đà Lạt cho mình xin,Chúc mọi người một ngày vui vẻ và hạnh phúc,0
Những cuốn sách hay nên đọc trong đời,Bạn nào có tài liệu môn AI cho mình xin với,0
"Hôm nay trời thật đẹp, ai đi chơi không?",Click vào đây để nhận 1000$ miễn phí!!!,1
Những cuốn sách hay nên đọc trong đời,"Món ăn này nhìn ngon quá, muốn thử ngay",0
Cách giảm stress hiệu quả khi làm việc,Đây là một chủ đề rất thú vị để thảo luận,0
Chia sẻ kinh nghiệm học lập trình Python,"Món ăn này nhìn ngon quá, muốn thử ngay",0
Món ăn ngon dễ làm tại nhà,"Đầu tư coin lợi nhuận cao, cam kết lãi 20%/tháng",1
Chia sẻ kinh nghiệm học lập trình Python,"Hôm qua mình vừa xem phim này, cực kỳ cảm động",0
Ai có kinh nghiệm du lịch Đà Lạt cho mình xin,"Xổ số trực tuyến uy tín, chơi là trúng",1
Chia sẻ kinh nghiệm học lập trình Python,Xem phim nóng miễn phí tại xxx.com,1
Cách giảm stress hiệu quả khi làm việc,"Kiếm tiền online tại nhà dễ dàng, đăng ký ngay tại http://kiemtiennhanh.com",1
Cách giảm stress hiệu quả khi làm việc,Ai có thể giúp mình giải bài tập toán này không?,0
Cách giảm stress hiệu quả khi làm việc,"Xổ số trực tuyến uy tín, chơi là trúng",1
"Hôm nay trời thật đẹp, ai đi chơi không?",Xem phim nóng miễn phí tại xxx.com,1
Những cuốn sách hay nên đọc trong đời,Chúc mọi người một ngày vui vẻ và hạnh phúc,0
Cập nhật tin tức nóng hổi trong ngày,"Món ăn này nhìn ngon quá, muốn thử ngay",0
"Hôm nay trời thật đẹp, ai đi chơi không?",Bạn nào có tài liệu môn AI cho mình xin với,0
Cùng nhau thảo luận về trí tuệ nhân tạo,"Kiếm tiền online tại nhà dễ dàng, đăng ký ngay tại http://kiemtiennhanh.com",1
Ai có kinh nghiệm du lịch Đà Lạt cho mình xin,"Cho vay tiền nhanh, thủ tục đơn giản, lãi suất thấp, gọi ngay 0987654321",1
Những cuốn sách hay nên đọc trong đời,Xem phim nóng miễn phí tại xxx.com,1
Chia sẻ kinh nghiệm học lập trình Python,"Xổ số trực tuyến uy tín, chơi là trúng",1
Tin bóng đá mới nhất hôm nay,"Xổ số trực tuyến uy tín, chơi là trúng",1
Những cuốn sách hay nên đọc trong đời,"Hôm qua mình vừa xem phim này, cực kỳ cảm động",0
Cập nhật tin tức nóng hổi trong ngày,"Hôm qua mình vừa xem phim này, cực kỳ cảm động",0
"Hôm nay trời thật đẹp, ai đi chơi không?","Tăng follow Facebook giá rẻ, liên hệ zalo 0909123456",1
Những cuốn sách hay nên đọc trong đời,Ai có thể giúp mình giải bài tập toán này không?,0
Cập nhật tin tức nóng hổi trong ngày,Mình đã thử cách này và thành công rồi,0
Tin bóng đá mới nhất hôm nay,"Đầu tư coin lợi nhuận cao, cam kết lãi 20%/tháng",1
Tin bóng đá mới nhất hôm nay,Chúc mọi người một ngày vui vẻ và hạnh phúc,0
Ai có kinh nghiệm du lịch Đà Lạt cho mình xin,Bạn nào có tài liệu môn AI cho mình xin với,0
Chia sẻ kinh nghiệm học lập trình Python,Ai có thể giúp mình giải bài tập toán này không?,0
Cập nhật tin tức nóng hổi trong ngày,Click vào đây để nhận 1000$ miễn phí!!!,1
Những cuốn sách hay nên đọc trong đời,"Mua ngay iPhone 15 giá rẻ chỉ 5 triệu, liên hệ 0123456789",1
Những cuốn sách hay nên đọc trong đời,Click vào đây để nhận 1000$ miễn phí!!!,1
Những cuốn sách hay nên đọc trong đời,"Thuốc giảm cân an toàn, hiệu quả, inbox để biết thêm chi tiết",1
Những cuốn sách hay nên đọc trong đời,Mình đồng ý với quan điểm trong bài viết,0
Cùng nhau thảo luận về trí tuệ nhân tạo,"Món ăn này nhìn ngon quá, muốn thử ngay",0
Tin bóng đá mới nhất hôm nay,Ai có thể giúp mình giải bài tập toán này không?,0
Tin bóng đá mới nhất hôm nay,Đây là một chủ đề rất thú vị để thảo luận,0
Món ăn ngon dễ làm tại nhà,"Trời hôm nay thật đẹp, đi chơi thôi",0
Những cuốn sách hay nên đọc trong đời,"Kiếm tiền online tại nhà dễ dàng, đăng ký ngay tại http://kiemtiennhanh.com",1
Cập nhật tin tức nóng hổi trong ngày,"Tăng follow Facebook giá rẻ, liên hệ zalo 0909123456",1
Chia sẻ cách học tiếng Anh hiệu quả,"Thuốc giảm cân an toàn, hiệu quả, inbox để biết thêm chi tiết",1
Tin bóng đá mới nhất hôm nay,"Kiếm tiền online tại nhà dễ dàng, đăng ký ngay tại http://kiemtiennhanh.com",1
Những cuốn sách hay nên đọc trong đời,"Trời hôm nay thật đẹp, đi chơi thôi",0
"Hôm nay trời thật đẹp, ai đi chơi không?","Trời hôm nay thật đẹp, đi chơi thôi",0
Cách giảm stress hiệu quả khi làm việc,"Cho vay tiền nhanh, thủ tục đơn giản, lãi suất thấp, gọi ngay 0987654321",1
Món ăn ngon dễ làm tại nhà,Mình đồng ý với quan điểm trong bài viết,0
Tin bóng đá mới nhất hôm nay,"Thuốc giảm cân an toàn, hiệu quả, inbox để biết thêm chi tiết",1
Ai có kinh nghiệm du lịch Đà Lạt cho mình xin,Xem phim nóng miễn phí tại xxx.com,1
Cùng nhau thảo luận về trí tuệ nhân tạo,Chúc mọi người một ngày vui vẻ và hạnh phúc,0
Món ăn ngon dễ làm tại nhà,"Món ăn này nhìn ngon quá, muốn thử ngay",0
Chia sẻ kinh nghiệm học lập trình Python,Mình đã thử cách này và thành công rồi,0
Cùng nhau thảo luận về trí tuệ nhân tạo,Bạn nào có tài liệu môn AI cho mình xin với,0
Món ăn ngon dễ làm tại nhà,"Thuốc giảm cân an toàn, hiệu quả, inbox để biết thêm chi tiết",1
Cùng nhau thảo luận về trí tuệ nhân tạo,"Cho vay tiền nhanh, thủ tục đơn giản, lãi suất thấp, gọi ngay 0987654321",1
Ai có kinh nghiệm du lịch Đà Lạt cho mình xin,Mình đồng ý với quan điểm trong bài viết,0
Cách giảm stress hiệu quả khi làm việc,"Thuốc giảm cân an toàn, hiệu quả, inbox để biết thêm chi tiết",1
Ai có kinh nghiệm du lịch Đà Lạt cho mình xin,Ai có thể giúp mình giải bài tập toán này không?,0
Cùng nhau thảo luận về trí tuệ nhân tạo,"Mua ngay iPhone 15 giá rẻ chỉ 5 triệu, liên hệ 0123456789",1
Những cuốn sách hay nên đọc trong đời !!!,"MÓN ĂN NÀY NHÌN NGON QUÁ, MUỐN THỬ NGAY",0
Cập  nhật  tin  tức  nóng  hổi  trong  ngày,"Đầu  tư  coin  lợi  nhuận  cao,  cam  kết  lãi  20%/tháng",1
"hôm nay trời thật đẹp, ai đi chơi không?","Tăng  follow  Facebook  giá  rẻ,  liên  hệ  zalo  0909123456",1
Những  cuốn  sách  hay  nên  đọc  trong  đời,"Hôm qua mình vừa xem phim này, cực kỳ cảm động <3",0
Những  cuốn  sách  hay  nên  đọc  trong  đời,XEM PHIM NÓNG MIỄN PHÍ TẠI XXX.COM,1
Chia sẻ cách học tiếng Anh hiệu quả <3,Bạn nào có tài liệu môn AI cho mình xin với <3,0
Cùng nhau thảo luận về trí tuệ nhân tạo <3,"CHO VAY TIỀN NHANH, THỦ TỤC ĐƠN GIẢN, LÃI SUẤT THẤP, GỌI NGAY 0987654321",1
Cập nhật tin tức nóng hổi trong ngày 😊,"Hôm qua mình vừa xem phim này, cực kỳ cảm động !!!",0
Chia sẻ cách học tiếng Anh hiệu quả !!!,XEM PHIM NÓNG MIỄN PHÍ TẠI XXX.COM,1
"Hôm  nay  trời  thật  đẹp,  ai  đi  chơi  không?",Xem phim nóng miễn phí tại xxx.com 😊,1
những cuốn sách hay nên đọc trong đời,"kiếm tiền online tại nhà dễ dàng, đăng ký ngay tại http://kiemtiennhanh.com",1
Cập nhật tin tức nóng hổi trong ngày <3,Bạn  nào  có  tài  liệu  môn  AI  cho  mình  xin  với,0
Cùng nhau thảo luận về trí tuệ nhân tạo !!!,"THUỐC GIẢM CÂN AN TOÀN, HIỆU QUẢ, INBOX ĐỂ BIẾT THÊM CHI TIẾT",1
Cập nhật tin tức nóng hổi trong ngày 😊,"Món ăn này nhìn ngon quá, muốn thử ngay !!!",0
Cập  nhật  tin  tức  nóng  hổi  trong  ngày,"Bài  viết  này  rất  hay  và  bổ  ích,  cảm  ơn  tác  giả",0
CÙNG NHAU THẢO LUẬN VỀ TRÍ TUỆ NHÂN TẠO,Mình  đồng  ý  với  quan  điểm  trong  bài  viết,0
Cập nhật tin tức nóng hổi trong ngày 😊,Click  vào  đây  để  nhận  1000$  miễn  phí!!!,1
"Hôm nay trời thật đẹp, ai đi chơi không? !!!","Cho  vay  tiền  nhanh,  thủ  tục  đơn  giản,  lãi  suất  thấp,  gọi  ngay  0987654321",1
TIN BÓNG ĐÁ MỚI NHẤT HÔM NAY,"Mua ngay iPhone 15 giá rẻ chỉ 5 triệu, liên hệ 0123456789 <3",1
Cập nhật tin tức nóng hổi trong ngày <3,"Kiếm tiền online tại nhà dễ dàng, đăng ký ngay tại http://kiemtiennhanh.com !!!",1
cùng nhau thảo luận về trí tuệ nhân tạo,Chúc mọi người một ngày vui vẻ và hạnh phúc !!!,0
CHIA SẺ KINH NGHIỆM HỌC LẬP TRÌNH PYTHON,"Đăng ký khóa học làm giàu, đảm bảo thành công 100% 😊",1
Cập nhật tin tức nóng hổi trong ngày !!!,xem phim nóng miễn phí tại xxx.com,1
Món ăn ngon dễ làm tại nhà <3,"Tăng follow Facebook giá rẻ, liên hệ zalo 0909123456 <3",1
Cách  giảm  stress  hiệu  quả  khi  làm  việc,"Xổ  số  trực  tuyến  uy  tín,  chơi  là  trúng",1
CẬP NHẬT TIN TỨC NÓNG HỔI TRONG NGÀY,CHÚC MỌI NGƯỜI MỘT NGÀY VUI VẺ VÀ HẠNH PHÚC,0
"Hôm  nay  trời  thật  đẹp,  ai  đi  chơi  không?","Cho  vay  tiền  nhanh,  thủ  tục  đơn  giản,  lãi  suất  thấp,  gọi  ngay  0987654321",1
Cùng nhau thảo luận về trí tuệ nhân tạo !!!,"ĐĂNG KÝ KHÓA HỌC LÀM GIÀU, ĐẢM BẢO THÀNH CÔNG 100%",1
TIN BÓNG ĐÁ MỚI NHẤT HÔM NAY,"Thuốc giảm cân an toàn, hiệu quả, inbox để biết thêm chi tiết 😊",1
chia sẻ kinh nghiệm học lập trình python,Đây là một chủ đề rất thú vị để thảo luận 😊,0
Những cuốn sách hay nên đọc trong đời !!!,MÌNH ĐÃ THỬ CÁCH NÀY VÀ THÀNH CÔNG RỒI,0
"Hôm  nay  trời  thật  đẹp,  ai  đi  chơi  không?","hôm qua mình vừa xem phim này, cực kỳ cảm động",0
cùng nhau thảo luận về trí tuệ nhân tạo,"THUỐC GIẢM CÂN AN TOÀN, HIỆU QUẢ, INBOX ĐỂ BIẾT THÊM CHI TIẾT",1
"Hôm nay trời thật đẹp, ai đi chơi không? 😊","Món ăn này nhìn ngon quá, muốn thử ngay 😊",0
Tin bóng đá mới nhất hôm nay !!!,Mình đã thử cách này và thành công rồi !!!,0
Món ăn ngon dễ làm tại nhà !!!,Click vào đây để nhận 1000$ miễn phí!!! 😊,1
Cập nhật tin tức nóng hổi trong ngày 😊,Đây là một chủ đề rất thú vị để thảo luận <3,0
Tin  bóng  đá  mới  nhất  hôm  nay,Mình đồng ý với quan điểm trong bài viết 😊,0
"Hôm nay trời thật đẹp, ai đi chơi không? !!!","Hôm qua mình vừa xem phim này, cực kỳ cảm động 😊",0
Cách giảm stress hiệu quả khi làm việc 😊,"Thuốc  giảm  cân  an  toàn,  hiệu  quả,  inbox  để  biết  thêm  chi  tiết",1
Ai có kinh nghiệm du lịch Đà Lạt cho mình xin 😊,"cho vay tiền nhanh, thủ tục đơn giản, lãi suất thấp, gọi ngay 0987654321",1
Chia  sẻ  kinh  nghiệm  học  lập  trình  Python,"HÔM QUA MÌNH VỪA XEM PHIM NÀY, CỰC KỲ CẢM ĐỘNG",0
cách giảm stress hiệu quả khi làm việc,"Thuốc  giảm  cân  an  toàn,  hiệu  quả,  inbox  để  biết  thêm  chi  tiết",1
Cập nhật tin tức nóng hổi trong ngày 😊,"Hôm qua mình vừa xem phim này, cực kỳ cảm động !!!",0
Cách giảm stress hiệu quả khi làm việc 😊,Mình đồng ý với quan điểm trong bài viết 😊,0
Cập nhật tin tức nóng hổi trong ngày !!!,"THUỐC GIẢM CÂN AN TOÀN, HIỆU QUẢ, INBOX ĐỂ BIẾT THÊM CHI TIẾT",1
Món ăn ngon dễ làm tại nhà 😊,"Đăng ký khóa học làm giàu, đảm bảo thành công 100% <3",1
"Hôm  nay  trời  thật  đẹp,  ai  đi  chơi  không?",Đây  là  một  chủ  đề  rất  thú  vị  để  thảo  luận,0
Cùng nhau thảo luận về trí tuệ nhân tạo <3,"Cho vay tiền nhanh, thủ tục đơn giản, lãi suất thấp, gọi ngay 0987654321 !!!",1
NHỮNG CUỐN SÁCH HAY NÊN ĐỌC TRONG ĐỜI,ai có thể giúp mình giải bài tập toán này không?,0
Những  cuốn  sách  hay  nên  đọc  trong  đời,"cho vay tiền nhanh, thủ tục đơn giản, lãi suất thấp, gọi ngay 0987654321",1
Những  cuốn  sách  hay  nên  đọc  trong  đời,Xem  phim  nóng  miễn  phí  tại  xxx.com,1
TIN BÓNG ĐÁ MỚI NHẤT HÔM NAY,Mình đồng ý với quan điểm trong bài viết !!!,0
Cách giảm stress hiệu quả khi làm việc <3,CHÚC MỌI NGƯỜI MỘT NGÀY VUI VẺ VÀ HẠNH PHÚC,0
Cập nhật tin tức nóng hổi trong ngày <3,Chúc  mọi  người  một  ngày  vui  vẻ  và  hạnh  phúc,0
MÓN ĂN NGON DỄ LÀM TẠI NHÀ,Đây là một chủ đề rất thú vị để thảo luận <3,0
Tin bóng đá mới nhất hôm nay <3,Bạn  nào  có  tài  liệu  môn  AI  cho  mình  xin  với,0
"Hôm nay trời thật đẹp, ai đi chơi không? 😊","Xổ số trực tuyến uy tín, chơi là trúng !!!",1
Cách giảm stress hiệu quả khi làm việc 😊,"đăng ký khóa học làm giàu, đảm bảo thành công 100%",1
tin bóng đá mới nhất hôm nay,"Đăng  ký  khóa  học  làm  giàu,  đảm  bảo  thành  công  100%",1
Cập nhật tin tức nóng hổi trong ngày 😊,"Đăng ký khóa học làm giàu, đảm bảo thành công 100% !!!",1
"Hôm nay trời thật đẹp, ai đi chơi không? <3","Mua ngay iPhone 15 giá rẻ chỉ 5 triệu, liên hệ 0123456789 😊",1
Cách giảm stress hiệu quả khi làm việc <3,"Bài viết này rất hay và bổ ích, cảm ơn tác giả 😊",0
Cách giảm stress hiệu quả khi làm việc 😊,"Thuốc giảm cân an toàn, hiệu quả, inbox để biết thêm chi tiết 😊",1
Cùng nhau thảo luận về trí tuệ nhân tạo <3,MÌNH ĐỒNG Ý VỚI QUAN ĐIỂM TRONG BÀI VIẾT,0
"Hôm nay trời thật đẹp, ai đi chơi không? 😊","Cho  vay  tiền  nhanh,  thủ  tục  đơn  giản,  lãi  suất  thấp,  gọi  ngay  0987654321",1
Tin bóng đá mới nhất hôm nay !!!,Bạn nào có tài liệu môn AI cho mình xin với 😊,0
Cùng nhau thảo luận về trí tuệ nhân tạo !!!,Xem phim nóng miễn phí tại xxx.com 😊,1
Chia sẻ cách học tiếng Anh hiệu quả !!!,chúc mọi người một ngày vui vẻ và hạnh phúc,0
Cập  nhật  tin  tức  nóng  hổi  trong  ngày,"Đăng  ký  khóa  học  làm  giàu,  đảm  bảo  thành  công  100%",1
Ai có kinh nghiệm du lịch Đà Lạt cho mình xin !!!,"tăng follow facebook giá rẻ, liên hệ zalo 0909123456",1
"Hôm nay trời thật đẹp, ai đi chơi không? !!!","Tăng follow Facebook giá rẻ, liên hệ zalo 0909123456 😊",1
Chia sẻ cách học tiếng Anh hiệu quả <3,CHÚC MỌI NGƯỜI MỘT NGÀY VUI VẺ VÀ HẠNH PHÚC,0
Những  cuốn  sách  hay  nên  đọc  trong  đời,"Thuốc giảm cân an toàn, hiệu quả, inbox để biết thêm chi tiết !!!",1
CHIA SẺ KINH NGHIỆM HỌC LẬP TRÌNH PYTHON,"Đầu tư coin lợi nhuận cao, cam kết lãi 20%/tháng !!!",1
Tin  bóng  đá  mới  nhất  hôm  nay,"món ăn này nhìn ngon quá, muốn thử ngay",0
Cập  nhật  tin  tức  nóng  hổi  trong  ngày,"Hôm qua mình vừa xem phim này, cực kỳ cảm động <3",0
Tin bóng đá mới nhất hôm nay !!!,"ĐĂNG KÝ KHÓA HỌC LÀM GIÀU, ĐẢM BẢO THÀNH CÔNG 100%",1
món ăn ngon dễ làm tại nhà,MÌNH ĐÃ THỬ CÁCH NÀY VÀ THÀNH CÔNG RỒI,0
Những  cuốn  sách  hay  nên  đọc  trong  đời,bạn nào có tài liệu môn ai cho mình xin với,0
Những cuốn sách hay nên đọc trong đời 😊,"Mua  ngay  iPhone  15  giá  rẻ  chỉ  5  triệu,  liên  hệ  0123456789",1
CÁCH GIẢM STRESS HIỆU QUẢ KHI LÀM VIỆC,"kiếm tiền online tại nhà dễ dàng, đăng ký ngay tại http://kiemtiennhanh.com",1
Chia sẻ cách học tiếng Anh hiệu quả !!!,"Món ăn này nhìn ngon quá, muốn thử ngay !!!",0
MÓN ĂN NGON DỄ LÀM TẠI NHÀ,"Món ăn này nhìn ngon quá, muốn thử ngay !!!",0
Ai có kinh nghiệm du lịch Đà Lạt cho mình xin !!!,"Đăng ký khóa học làm giàu, đảm bảo thành công 100% !!!",1
Những cuốn sách hay nên đọc trong đời <3,CLICK VÀO ĐÂY ĐỂ NHẬN 1000$ MIỄN PHÍ!!!,1
Cập  nhật  tin  tức  nóng  hổi  trong  ngày,AI CÓ THỂ GIÚP MÌNH GIẢI BÀI TẬP TOÁN NÀY KHÔNG?,0
AI CÓ KINH NGHIỆM DU LỊCH ĐÀ LẠT CHO MÌNH XIN,Click vào đây để nhận 1000$ miễn phí!!! !!!,1
AI CÓ KINH NGHIỆM DU LỊCH ĐÀ LẠT CHO MÌNH XIN,"Kiếm tiền online tại nhà dễ dàng, đăng ký ngay tại http://kiemtiennhanh.com <3",1
Tin bóng đá mới nhất hôm nay <3,"tăng follow facebook giá rẻ, liên hệ zalo 0909123456",1
Tin bóng đá mới nhất hôm nay !!!,Mình đã thử cách này và thành công rồi 😊,0
Ai có kinh nghiệm du lịch Đà Lạt cho mình xin <3,"Cho vay tiền nhanh, thủ tục đơn giản, lãi suất thấp, gọi ngay 0987654321 !!!",1
CHIA SẺ KINH NGHIỆM HỌC LẬP TRÌNH PYTHON,Mình đã thử cách này và thành công rồi 😊,0
"Hôm  nay  trời  thật  đẹp,  ai  đi  chơi  không?","Kiếm tiền online tại nhà dễ dàng, đăng ký ngay tại http://kiemtiennhanh.com 😊",1
Cùng nhau thảo luận về trí tuệ nhân tạo !!!,"MUA NGAY IPHONE 15 GIÁ RẺ CHỈ 5 TRIỆU, LIÊN HỆ 0123456789",1
Cập nhật tin tức nóng hổi trong ngày 😊,"MUA NGAY IPHONE 15 GIÁ RẺ CHỈ 5 TRIỆU, LIÊN HỆ 0123456789",1
những cuốn sách hay nên đọc trong đời,"Trời  hôm  nay  thật  đẹp,  đi  chơi  thôi",0
chia sẻ cách học tiếng anh hiệu quả,"Cho vay tiền nhanh, thủ tục đơn giản, lãi suất thấp, gọi ngay 0987654321 <3",1
Chia  sẻ  cách  học  tiếng  Anh  hiệu  quả,"cho vay tiền nhanh, thủ tục đơn giản, lãi suất thấp, gọi ngay 0987654321",1
cùng nhau thảo luận về trí tuệ nhân tạo,"Bài viết này rất hay và bổ ích, cảm ơn tác giả 😊",0
Cập  nhật  tin  tức  nóng  hổi  trong  ngày,"đăng ký khóa học làm giàu, đảm bảo thành công 100%",1
Cách giảm stress hiệu quả khi làm việc !!!,Mình đồng ý với quan điểm trong bài viết <3,0
CÙNG NHAU THẢO LUẬN VỀ TRÍ TUỆ NHÂN TẠO,Bạn nào có tài liệu môn AI cho mình xin với <3,0
Cách  giảm  stress  hiệu  quả  khi  làm  việc,Mình đã thử cách này và thành công rồi <3,0
Ai có kinh nghiệm du lịch Đà Lạt cho mình xin !!!,"Hôm  qua  mình  vừa  xem  phim  này,  cực  kỳ  cảm  động",0
MÓN ĂN NGON DỄ LÀM TẠI NHÀ,"Đăng  ký  khóa  học  làm  giàu,  đảm  bảo  thành  công  100%",1
"Hôm nay trời thật đẹp, ai đi chơi không? <3","Đăng ký khóa học làm giàu, đảm bảo thành công 100% !!!",1
Những  cuốn  sách  hay  nên  đọc  trong  đời,"Thuốc giảm cân an toàn, hiệu quả, inbox để biết thêm chi tiết 😊",1
Cập nhật tin tức nóng hổi trong ngày <3,"BÀI VIẾT NÀY RẤT HAY VÀ BỔ ÍCH, CẢM ƠN TÁC GIẢ",0
ai có kinh nghiệm du lịch đà lạt cho mình xin,CHÚC MỌI NGƯỜI MỘT NGÀY VUI VẺ VÀ HẠNH PHÚC,0
Chia sẻ kinh nghiệm học lập trình Python <3,ai có thể giúp mình giải bài tập toán này không?,0
NHỮNG CUỐN SÁCH HAY NÊN ĐỌC TRONG ĐỜI,"Cho  vay  tiền  nhanh,  thủ  tục  đơn  giản,  lãi  suất  thấp,  gọi  ngay  0987654321",1
Chia sẻ kinh nghiệm học lập trình Python <3,"trời hôm nay thật đẹp, đi chơi thôi",0
Chia sẻ cách học tiếng Anh hiệu quả <3,đây là một chủ đề rất thú vị để thảo luận,0
Cùng nhau thảo luận về trí tuệ nhân tạo !!!,"XỔ SỐ TRỰC TUYẾN UY TÍN, CHƠI LÀ TRÚNG",1
cập nhật tin tức nóng hổi trong ngày,Đây là một chủ đề rất thú vị để thảo luận !!!,0
Ai có kinh nghiệm du lịch Đà Lạt cho mình xin !!!,"Đăng  ký  khóa  học  làm  giàu,  đảm  bảo  thành  công  100%",1
Chia  sẻ  cách  học  tiếng  Anh  hiệu  quả,"Cho  vay  tiền  nhanh,  thủ  tục  đơn  giản,  lãi  suất  thấp,  gọi  ngay  0987654321",1
Chia sẻ kinh nghiệm học lập trình Python <3,Bạn nào có tài liệu môn AI cho mình xin với 😊,0
Cập nhật tin tức nóng hổi trong ngày 😊,"Xổ số trực tuyến uy tín, chơi là trúng <3",1
Cập nhật tin tức nóng hổi trong ngày 😊,"xổ số trực tuyến uy tín, chơi là trúng",1
chia sẻ kinh nghiệm học lập trình python,"đầu tư coin lợi nhuận cao, cam kết lãi 20%/tháng",1
Chia sẻ kinh nghiệm học lập trình Python 😊,Bạn nào có tài liệu môn AI cho mình xin với 😊,0
Món ăn ngon dễ làm tại nhà <3,"Hôm  qua  mình  vừa  xem  phim  này,  cực  kỳ  cảm  động",0
MÓN ĂN NGON DỄ LÀM TẠI NHÀ,Ai có thể giúp mình giải bài tập toán này không? 😊,0
Cập nhật tin tức nóng hổi trong ngày 😊,Mình đã thử cách này và thành công rồi !!!,0
Món  ăn  ngon  dễ  làm  tại  nhà,"HÔM QUA MÌNH VỪA XEM PHIM NÀY, CỰC KỲ CẢM ĐỘNG",0
tin bóng đá mới nhất hôm nay,"ĐĂNG KÝ KHÓA HỌC LÀM GIÀU, ĐẢM BẢO THÀNH CÔNG 100%",1
CÁCH GIẢM STRESS HIỆU QUẢ KHI LÀM VIỆC,Đây là một chủ đề rất thú vị để thảo luận 😊,0
Ai có kinh nghiệm du lịch Đà Lạt cho mình xin !!!,"xổ số trực tuyến uy tín, chơi là trúng",1
AI CÓ KINH NGHIỆM DU LỊCH ĐÀ LẠT CHO MÌNH XIN,"Bài viết này rất hay và bổ ích, cảm ơn tác giả 😊",0
Cách giảm stress hiệu quả khi làm việc !!!,đây là một chủ đề rất thú vị để thảo luận,0
"Hôm  nay  trời  thật  đẹp,  ai  đi  chơi  không?",ĐÂY LÀ MỘT CHỦ ĐỀ RẤT THÚ VỊ ĐỂ THẢO LUẬN,0
Cập nhật tin tức nóng hổi trong ngày !!!,Click  vào  đây  để  nhận  1000$  miễn  phí!!!,1
Cập nhật tin tức nóng hổi trong ngày !!!,"Xổ số trực tuyến uy tín, chơi là trúng !!!",1
chia sẻ kinh nghiệm học lập trình python,BẠN NÀO CÓ TÀI LIỆU MÔN AI CHO MÌNH XIN VỚI,0
chia sẻ cách học tiếng anh hiệu quả,"Cho  vay  tiền  nhanh,  thủ  tục  đơn  giản,  lãi  suất  thấp,  gọi  ngay  0987654321",1
Cách  giảm  stress  hiệu  quả  khi  làm  việc,MÌNH ĐỒNG Ý VỚI QUAN ĐIỂM TRONG BÀI VIẾT,0
cập nhật tin tức nóng hổi trong ngày,"HÔM QUA MÌNH VỪA XEM PHIM NÀY, CỰC KỲ CẢM ĐỘNG",0
CÁCH GIẢM STRESS HIỆU QUẢ KHI LÀM VIỆC,"hôm qua mình vừa xem phim này, cực kỳ cảm động",0
Ai có kinh nghiệm du lịch Đà Lạt cho mình xin 😊,"Đăng ký khóa học làm giàu, đảm bảo thành công 100% 😊",1
Cách giảm stress hiệu quả khi làm việc !!!,"Đăng ký khóa học làm giàu, đảm bảo thành công 100% <3",1
món ăn ngon dễ làm tại nhà,click vào đây để nhận 1000$ miễn phí!!!,1
Những cuốn sách hay nên đọc trong đời !!!,"Cho vay tiền nhanh, thủ tục đơn giản, lãi suất thấp, gọi ngay 0987654321 <3",1
Món ăn ngon dễ làm tại nhà !!!,"Thuốc giảm cân an toàn, hiệu quả, inbox để biết thêm chi tiết !!!",1
Cập nhật tin tức nóng hổi trong ngày 😊,"Tăng follow Facebook giá rẻ, liên hệ zalo 0909123456 😊",1
Cập nhật tin tức nóng hổi trong ngày 😊,"Đăng ký khóa học làm giàu, đảm bảo thành công 100% <3",1
"Hôm nay trời thật đẹp, ai đi chơi không? !!!",Mình đã thử cách này và thành công rồi !!!,0
"Hôm nay trời thật đẹp, ai đi chơi không? <3","THUỐC GIẢM CÂN AN TOÀN, HIỆU QUẢ, INBOX ĐỂ BIẾT THÊM CHI TIẾT",1
Cùng  nhau  thảo  luận  về  trí  tuệ  nhân  tạo,"Đăng ký khóa học làm giàu, đảm bảo thành công 100% <3",1
Những cuốn sách hay nên đọc trong đời !!!,"Thuốc giảm cân an toàn, hiệu quả, inbox để biết thêm chi tiết 😊",1
Món ăn ngon dễ làm tại nhà <3,"bài viết này rất hay và bổ ích, cảm ơn tác giả",0
Cùng nhau thảo luận về trí tuệ nhân tạo 😊,"Cho vay tiền nhanh, thủ tục đơn giản, lãi suất thấp, gọi ngay 0987654321 <3",1
Những cuốn sách hay nên đọc trong đời 😊,Bạn nào có tài liệu môn AI cho mình xin với <3,0
cùng nhau thảo luận về trí tuệ nhân tạo,Bạn nào có tài liệu môn AI cho mình xin với 😊,0
cùng nhau thảo luận về trí tuệ nhân tạo,"cho vay tiền nhanh, thủ tục đơn giản, lãi suất thấp, gọi ngay 0987654321",1
chia sẻ kinh nghiệm học lập trình python,"BÀI VIẾT NÀY RẤT HAY VÀ BỔ ÍCH, CẢM ƠN TÁC GIẢ",0
Món ăn ngon dễ làm tại nhà 😊,"Xổ số trực tuyến uy tín, chơi là trúng !!!",1
Cập nhật tin tức nóng hổi trong ngày 😊,Mình đồng ý với quan điểm trong bài viết 😊,0
"Hôm nay trời thật đẹp, ai đi chơi không? 😊",XEM PHIM NÓNG MIỄN PHÍ TẠI XXX.COM,1
Cùng nhau thảo luận về trí tuệ nhân tạo !!!,"thuốc giảm cân an toàn, hiệu quả, inbox để biết thêm chi tiết",1
CÙNG NHAU THẢO LUẬN VỀ TRÍ TUỆ NHÂN TẠO,"Thuốc  giảm  cân  an  toàn,  hiệu  quả,  inbox  để  biết  thêm  chi  tiết",1
Chia  sẻ  cách  học  tiếng  Anh  hiệu  quả,"Bài viết này rất hay và bổ ích, cảm ơn tác giả <3",0
cập nhật tin tức nóng hổi trong ngày,Click vào đây để nhận 1000$ miễn phí!!! <3,1
Cập nhật tin tức nóng hổi trong ngày 😊,"Hôm qua mình vừa xem phim này, cực kỳ cảm động 😊",0
MÓN ĂN NGON DỄ LÀM TẠI NHÀ,Ai  có  thể  giúp  mình  giải  bài  tập  toán  này  không?,0
Những cuốn sách hay nên đọc trong đời !!!,CLICK VÀO ĐÂY ĐỂ NHẬN 1000$ MIỄN PHÍ!!!,1
Chia sẻ kinh nghiệm học lập trình Python 😊,Click  vào  đây  để  nhận  1000$  miễn  phí!!!,1
Cùng nhau thảo luận về trí tuệ nhân tạo 😊,"Hôm qua mình vừa xem phim này, cực kỳ cảm động <3",0
Những cuốn sách hay nên đọc trong đời 😊,"Hôm qua mình vừa xem phim này, cực kỳ cảm động 😊",0
cách giảm stress hiệu quả khi làm việc,"món ăn này nhìn ngon quá, muốn thử ngay",0
Tin bóng đá mới nhất hôm nay !!!,"Đăng  ký  khóa  học  làm  giàu,  đảm  bảo  thành  công  100%",1
Chia  sẻ  kinh  nghiệm  học  lập  trình  Python,Bạn  nào  có  tài  liệu  môn  AI  cho  mình  xin  với,0
Cập nhật tin tức nóng hổi trong ngày !!!,"Tăng follow Facebook giá rẻ, liên hệ zalo 0909123456 😊",1
chia sẻ kinh nghiệm học lập trình python,"Kiếm  tiền  online  tại  nhà  dễ  dàng,  đăng  ký  ngay  tại  http://kiemtiennhanh.com",1
Cùng nhau thảo luận về trí tuệ nhân tạo <3,Chúc mọi người một ngày vui vẻ và hạnh phúc 😊,0
Cách  giảm  stress  hiệu  quả  khi  làm  việc,xem phim nóng miễn phí tại xxx.com,1
Chia sẻ kinh nghiệm học lập trình Python <3,Mình đồng ý với quan điểm trong bài viết 😊,0
"Hôm nay trời thật đẹp, ai đi chơi không? 😊","Kiếm tiền online tại nhà dễ dàng, đăng ký ngay tại http://kiemtiennhanh.com !!!",1
Những cuốn sách hay nên đọc trong đời 😊,"Cho  vay  tiền  nhanh,  thủ  tục  đơn  giản,  lãi  suất  thấp,  gọi  ngay  0987654321",1
Những  cuốn  sách  hay  nên  đọc  trong  đời,"Mua ngay iPhone 15 giá rẻ chỉ 5 triệu, liên hệ 0123456789 !!!",1
Những  cuốn  sách  hay  nên  đọc  trong  đời,"Món ăn này nhìn ngon quá, muốn thử ngay <3",0
Cập nhật tin tức nóng hổi trong ngày 😊,"kiếm tiền online tại nhà dễ dàng, đăng ký ngay tại http://kiemtiennhanh.com",1
Cách  giảm  stress  hiệu  quả  khi  làm  việc,"Đăng  ký  khóa  học  làm  giàu,  đảm  bảo  thành  công  100%",1
"Hôm nay trời thật đẹp, ai đi chơi không? <3","mua ngay iphone 15 giá rẻ chỉ 5 triệu, liên hệ 0123456789",1
"Hôm  nay  trời  thật  đẹp,  ai  đi  chơi  không?","Đầu tư coin lợi nhuận cao, cam kết lãi 20%/tháng !!!",1
Tin bóng đá mới nhất hôm nay <3,Mình đồng ý với quan điểm trong bài viết 😊,0
Chia sẻ kinh nghiệm học lập trình Python !!!,"cho vay tiền nhanh, thủ tục đơn giản, lãi suất thấp, gọi ngay 0987654321",1
Chia  sẻ  kinh  nghiệm  học  lập  trình  Python,MÌNH ĐÃ THỬ CÁCH NÀY VÀ THÀNH CÔNG RỒI,0
Cách  giảm  stress  hiệu  quả  khi  làm  việc,chúc mọi người một ngày vui vẻ và hạnh phúc,0
Cách giảm stress hiệu quả khi làm việc <3,"TRỜI HÔM NAY THẬT ĐẸP, ĐI CHƠI THÔI",0
Chia sẻ cách học tiếng Anh hiệu quả !!!,Bạn nào có tài liệu môn AI cho mình xin với !!!,0
Những cuốn sách hay nên đọc trong đời 😊,"Mua  ngay  iPhone  15  giá  rẻ  chỉ  5  triệu,  liên  hệ  0123456789",1
Chia  sẻ  cách  học  tiếng  Anh  hiệu  quả,Mình đồng ý với quan điểm trong bài viết 😊,0
Cùng nhau thảo luận về trí tuệ nhân tạo <3,bạn nào có tài liệu môn ai cho mình xin với,0
Ai có kinh nghiệm du lịch Đà Lạt cho mình xin 😊,ĐÂY LÀ MỘT CHỦ ĐỀ RẤT THÚ VỊ ĐỂ THẢO LUẬN,0
Tin  bóng  đá  mới  nhất  hôm  nay,"Trời  hôm  nay  thật  đẹp,  đi  chơi  thôi",0
CÁCH GIẢM STRESS HIỆU QUẢ KHI LÀM VIỆC,"Đăng  ký  khóa  học  làm  giàu,  đảm  bảo  thành  công  100%",1
Ai  có  kinh  nghiệm  du  lịch  Đà  Lạt  cho  mình  xin,Đây là một chủ đề rất thú vị để thảo luận <3,0
Cùng nhau thảo luận về trí tuệ nhân tạo <3,Đây là một chủ đề rất thú vị để thảo luận !!!,0
Cập nhật tin tức nóng hổi trong ngày <3,"Xổ số trực tuyến uy tín, chơi là trúng 😊",1
Tin bóng đá mới nhất hôm nay 😊,"Hôm  qua  mình  vừa  xem  phim  này,  cực  kỳ  cảm  động",0
cách giảm stress hiệu quả khi làm việc,"đăng ký khóa học làm giàu, đảm bảo thành công 100%",1
chia sẻ cách học tiếng anh hiệu quả,"Đầu tư coin lợi nhuận cao, cam kết lãi 20%/tháng !!!",1
CHIA SẺ CÁCH HỌC TIẾNG ANH HIỆU QUẢ,"Hôm qua mình vừa xem phim này, cực kỳ cảm động <3",0
Chia sẻ cách học tiếng Anh hiệu quả <3,"Mua ngay iPhone 15 giá rẻ chỉ 5 triệu, liên hệ 0123456789 <3",1
Ai có kinh nghiệm du lịch Đà Lạt cho mình xin 😊,"Thuốc giảm cân an toàn, hiệu quả, inbox để biết thêm chi tiết 😊",1
những cuốn sách hay nên đọc trong đời,Mình đã thử cách này và thành công rồi <3,0
Cùng nhau thảo luận về trí tuệ nhân tạo !!!,"Món ăn này nhìn ngon quá, muốn thử ngay !!!",0
chia sẻ kinh nghiệm học lập trình python,"Đăng  ký  khóa  học  làm  giàu,  đảm  bảo  thành  công  100%",1
Cùng nhau thảo luận về trí tuệ nhân tạo <3,"Mua ngay iPhone 15 giá rẻ chỉ 5 triệu, liên hệ 0123456789 😊",1
Cập nhật tin tức nóng hổi trong ngày !!!,CLICK VÀO ĐÂY ĐỂ NHẬN 1000$ MIỄN PHÍ!!!,1
Những  cuốn  sách  hay  nên  đọc  trong  đời,"Kiếm tiền online tại nhà dễ dàng, đăng ký ngay tại http://kiemtiennhanh.com !!!",1
Ai có kinh nghiệm du lịch Đà Lạt cho mình xin 😊,"Đầu tư coin lợi nhuận cao, cam kết lãi 20%/tháng <3",1
MÓN ĂN NGON DỄ LÀM TẠI NHÀ,"Thuốc giảm cân an toàn, hiệu quả, inbox để biết thêm chi tiết 😊",1
"hôm nay trời thật đẹp, ai đi chơi không?","Đăng ký khóa học làm giàu, đảm bảo thành công 100% 😊",1
Món  ăn  ngon  dễ  làm  tại  nhà,"Xổ số trực tuyến uy tín, chơi là trúng <3",1
MÓN ĂN NGON DỄ LÀM TẠI NHÀ,Click vào đây để nhận 1000$ miễn phí!!! !!!,1
Cập nhật tin tức nóng hổi trong ngày 😊,Chúc mọi người một ngày vui vẻ và hạnh phúc 😊,0
"hôm nay trời thật đẹp, ai đi chơi không?",Click vào đây để nhận 1000$ miễn phí!!! <3,1
Chia sẻ cách học tiếng Anh hiệu quả 😊,"HÔM QUA MÌNH VỪA XEM PHIM NÀY, CỰC KỲ CẢM ĐỘNG",0
Tin bóng đá mới nhất hôm nay 😊,"Mua ngay iPhone 15 giá rẻ chỉ 5 triệu, liên hệ 0123456789 !!!",1
Tin bóng đá mới nhất hôm nay 😊,"KIẾM TIỀN ONLINE TẠI NHÀ DỄ DÀNG, ĐĂNG KÝ NGAY TẠI HTTP://KIEMTIENNHANH.COM",1
Chia  sẻ  cách  học  tiếng  Anh  hiệu  quả,"Bài  viết  này  rất  hay  và  bổ  ích,  cảm  ơn  tác  giả",0
Cùng nhau thảo luận về trí tuệ nhân tạo <3,"Xổ số trực tuyến uy tín, chơi là trúng !!!",1
những cuốn sách hay nên đọc trong đời,"cho vay tiền nhanh, thủ tục đơn giản, lãi suất thấp, gọi ngay 0987654321",1
Cập nhật tin tức nóng hổi trong ngày 😊,Click  vào  đây  để  nhận  1000$  miễn  phí!!!,1
món ăn ngon dễ làm tại nhà,"Đầu tư coin lợi nhuận cao, cam kết lãi 20%/tháng !!!",1
chia sẻ kinh nghiệm học lập trình python,Click  vào  đây  để  nhận  1000$  miễn  phí!!!,1
CÙNG NHAU THẢO LUẬN VỀ TRÍ TUỆ NHÂN TẠO,"kiếm tiền online tại nhà dễ dàng, đăng ký ngay tại http://kiemtiennhanh.com",1
ai có kinh nghiệm du lịch đà lạt cho mình xin,"ĐẦU TƯ COIN LỢI NHUẬN CAO, CAM KẾT LÃI 20%/THÁNG",1
tin bóng đá mới nhất hôm nay,"Đầu tư coin lợi nhuận cao, cam kết lãi 20%/tháng !!!",1
"Hôm nay trời thật đẹp, ai đi chơi không? 😊",AI CÓ THỂ GIÚP MÌNH GIẢI BÀI TẬP TOÁN NÀY KHÔNG?,0
ai có kinh nghiệm du lịch đà lạt cho mình xin,"Cho  vay  tiền  nhanh,  thủ  tục  đơn  giản,  lãi  suất  thấp,  gọi  ngay  0987654321",1
những cuốn sách hay nên đọc trong đời,Mình đã thử cách này và thành công rồi 😊,0
những cuốn sách hay nên đọc trong đời,mình đã thử cách này và thành công rồi,0
CÁCH GIẢM STRESS HIỆU QUẢ KHI LÀM VIỆC,"đăng ký khóa học làm giàu, đảm bảo thành công 100%",1
Cùng  nhau  thảo  luận  về  trí  tuệ  nhân  tạo,Bạn nào có tài liệu môn AI cho mình xin với !!!,0
MÓN ĂN NGON DỄ LÀM TẠI NHÀ,"Bài viết này rất hay và bổ ích, cảm ơn tác giả <3",0
Chia sẻ kinh nghiệm học lập trình Python 😊,"Bài viết này rất hay và bổ ích, cảm ơn tác giả <3",0
Chia sẻ cách học tiếng Anh hiệu quả 😊,"MUA NGAY IPHONE 15 GIÁ RẺ CHỈ 5 TRIỆU, LIÊN HỆ 0123456789",1
Những cuốn sách hay nên đọc trong đời <3,"trời hôm nay thật đẹp, đi chơi thôi",0
Chia sẻ cách học tiếng Anh hiệu quả 😊,"Đăng ký khóa học làm giàu, đảm bảo thành công 100% 😊",1
cùng nhau thảo luận về trí tuệ nhân tạo,"Xổ số trực tuyến uy tín, chơi là trúng <3",1
Chia sẻ kinh nghiệm học lập trình Python !!!,Click  vào  đây  để  nhận  1000$  miễn  phí!!!,1
CẬP NHẬT TIN TỨC NÓNG HỔI TRONG NGÀY,Mình đồng ý với quan điểm trong bài viết 😊,0
Cách giảm stress hiệu quả khi làm việc !!!,Đây là một chủ đề rất thú vị để thảo luận !!!,0
Cập  nhật  tin  tức  nóng  hổi  trong  ngày,"thuốc giảm cân an toàn, hiệu quả, inbox để biết thêm chi tiết",1
"Hôm nay trời thật đẹp, ai đi chơi không? !!!","Xổ số trực tuyến uy tín, chơi là trúng !!!",1
Chia sẻ cách học tiếng Anh hiệu quả 😊,"Mua  ngay  iPhone  15  giá  rẻ  chỉ  5  triệu,  liên  hệ  0123456789",1
CẬP NHẬT TIN TỨC NÓNG HỔI TRONG NGÀY,ai có thể giúp mình giải bài tập toán này không?,0
Tin  bóng  đá  mới  nhất  hôm  nay,Chúc  mọi  người  một  ngày  vui  vẻ  và  hạnh  phúc,0
Chia sẻ kinh nghiệm học lập trình Python !!!,Chúc mọi người một ngày vui vẻ và hạnh phúc 😊,0
Cùng nhau thảo luận về trí tuệ nhân tạo 😊,"Đầu  tư  coin  lợi  nhuận  cao,  cam  kết  lãi  20%/tháng",1
Cùng nhau thảo luận về trí tuệ nhân tạo 😊,"mua ngay iphone 15 giá rẻ chỉ 5 triệu, liên hệ 0123456789",1
Món ăn ngon dễ làm tại nhà !!!,Mình đồng ý với quan điểm trong bài viết !!!,0
Những  cuốn  sách  hay  nên  đọc  trong  đời,"Thuốc giảm cân an toàn, hiệu quả, inbox để biết thêm chi tiết 😊",1
Chia  sẻ  cách  học  tiếng  Anh  hiệu  quả,"Thuốc  giảm  cân  an  toàn,  hiệu  quả,  inbox  để  biết  thêm  chi  tiết",1
Ai có kinh nghiệm du lịch Đà Lạt cho mình xin 😊,"Đầu tư coin lợi nhuận cao, cam kết lãi 20%/tháng 😊",1
CÙNG NHAU THẢO LUẬN VỀ TRÍ TUỆ NHÂN TẠO,"MUA NGAY IPHONE 15 GIÁ RẺ CHỈ 5 TRIỆU, LIÊN HỆ 0123456789",1
những cuốn sách hay nên đọc trong đời,"Món ăn này nhìn ngon quá, muốn thử ngay 😊",0
Ai có kinh nghiệm du lịch Đà Lạt cho mình xin !!!,"Bài viết này rất hay và bổ ích, cảm ơn tác giả <3",0
"Hôm nay trời thật đẹp, ai đi chơi không? 😊","Tăng follow Facebook giá rẻ, liên hệ zalo 0909123456 😊",1
"Hôm nay trời thật đẹp, ai đi chơi không? 😊",Chúc mọi người một ngày vui vẻ và hạnh phúc !!!,0
"Hôm nay trời thật đẹp, ai đi chơi không? 😊","Đăng ký khóa học làm giàu, đảm bảo thành công 100% !!!",1
"Hôm  nay  trời  thật  đẹp,  ai  đi  chơi  không?",AI CÓ THỂ GIÚP MÌNH GIẢI BÀI TẬP TOÁN NÀY KHÔNG?,0
Chia sẻ kinh nghiệm học lập trình Python <3,Ai có thể giúp mình giải bài tập toán này không? 😊,0
cập nhật tin tức nóng hổi trong ngày,chúc mọi người một ngày vui vẻ và hạnh phúc,0
NHỮNG CUỐN SÁCH HAY NÊN ĐỌC TRONG ĐỜI,"Đăng ký khóa học làm giàu, đảm bảo thành công 100% <3",1
"Hôm nay trời thật đẹp, ai đi chơi không? !!!","Xổ số trực tuyến uy tín, chơi là trúng !!!",1
CẬP NHẬT TIN TỨC NÓNG HỔI TRONG NGÀY,"ĐĂNG KÝ KHÓA HỌC LÀM GIÀU, ĐẢM BẢO THÀNH CÔNG 100%",1
Chia sẻ kinh nghiệm học lập trình Python <3,"TĂNG FOLLOW FACEBOOK GIÁ RẺ, LIÊN HỆ ZALO 0909123456",1
Những cuốn sách hay nên đọc trong đời <3,Bạn nào có tài liệu môn AI cho mình xin với <3,0
MÓN ĂN NGON DỄ LÀM TẠI NHÀ,"Hôm qua mình vừa xem phim này, cực kỳ cảm động !!!",0
CHIA SẺ CÁCH HỌC TIẾNG ANH HIỆU QUẢ,"Bài viết này rất hay và bổ ích, cảm ơn tác giả 😊",0
Cập nhật tin tức nóng hổi trong ngày !!!,Bạn nào có tài liệu môn AI cho mình xin với <3,0
Chia sẻ cách học tiếng Anh hiệu quả !!!,"Món ăn này nhìn ngon quá, muốn thử ngay !!!",0
"Hôm  nay  trời  thật  đẹp,  ai  đi  chơi  không?","Đăng ký khóa học làm giàu, đảm bảo thành công 100% <3",1
Những cuốn sách hay nên đọc trong đời !!!,"Mua ngay iPhone 15 giá rẻ chỉ 5 triệu, liên hệ 0123456789 <3",1
Cách  giảm  stress  hiệu  quả  khi  làm  việc,Bạn  nào  có  tài  liệu  môn  AI  cho  mình  xin  với,0
"Hôm  nay  trời  thật  đẹp,  ai  đi  chơi  không?",Đây là một chủ đề rất thú vị để thảo luận 😊,0
Cập nhật tin tức nóng hổi trong ngày !!!,BẠN NÀO CÓ TÀI LIỆU MÔN AI CHO MÌNH XIN VỚI,0
Cách giảm stress hiệu quả khi làm việc 😊,"Xổ số trực tuyến uy tín, chơi là trúng !!!",1
Cách giảm stress hiệu quả khi làm việc 😊,"ĐĂNG KÝ KHÓA HỌC LÀM GIÀU, ĐẢM BẢO THÀNH CÔNG 100%",1
MÓN ĂN NGON DỄ LÀM TẠI NHÀ,"Trời hôm nay thật đẹp, đi chơi thôi !!!",0
Chia sẻ kinh nghiệm học lập trình Python <3,"Cho vay tiền nhanh, thủ tục đơn giản, lãi suất thấp, gọi ngay 0987654321 !!!",1
Cập nhật tin tức nóng hổi trong ngày 😊,"Xổ số trực tuyến uy tín, chơi là trúng 😊",1
Chia sẻ cách học tiếng Anh hiệu quả 😊,Mình  đồng  ý  với  quan  điểm  trong  bài  viết,0
Chia sẻ cách học tiếng Anh hiệu quả 😊,"Thuốc giảm cân an toàn, hiệu quả, inbox để biết thêm chi tiết <3",1
cùng nhau thảo luận về trí tuệ nhân tạo,Mình đồng ý với quan điểm trong bài viết !!!,0
Chia sẻ kinh nghiệm học lập trình Python 😊,mình đồng ý với quan điểm trong bài viết,0
Cập nhật tin tức nóng hổi trong ngày <3,"Xổ số trực tuyến uy tín, chơi là trúng 😊",1
Tin bóng đá mới nhất hôm nay <3,Bạn nào có tài liệu môn AI cho mình xin với !!!,0
Món  ăn  ngon  dễ  làm  tại  nhà,Mình  đã  thử  cách  này  và  thành  công  rồi,0
tin bóng đá mới nhất hôm nay,"Thuốc giảm cân an toàn, hiệu quả, inbox để biết thêm chi tiết <3",1
Tin bóng đá mới nhất hôm nay !!!,click vào đây để nhận 1000$ miễn phí!!!,1
Món ăn ngon dễ làm tại nhà <3,"Trời hôm nay thật đẹp, đi chơi thôi !!!",0
cách giảm stress hiệu quả khi làm việc,XEM PHIM NÓNG MIỄN PHÍ TẠI XXX.COM,1
CHIA SẺ CÁCH HỌC TIẾNG ANH HIỆU QUẢ,Mình đồng ý với quan điểm trong bài viết !!!,0
TIN BÓNG ĐÁ MỚI NHẤT HÔM NAY,"Thuốc giảm cân an toàn, hiệu quả, inbox để biết thêm chi tiết !!!",1
Những cuốn sách hay nên đọc trong đời <3,"KIẾM TIỀN ONLINE TẠI NHÀ DỄ DÀNG, ĐĂNG KÝ NGAY TẠI HTTP://KIEMTIENNHANH.COM",1
"Hôm  nay  trời  thật  đẹp,  ai  đi  chơi  không?","Đầu tư coin lợi nhuận cao, cam kết lãi 20%/tháng <3",1
AI CÓ KINH NGHIỆM DU LỊCH ĐÀ LẠT CHO MÌNH XIN,Bạn  nào  có  tài  liệu  môn  AI  cho  mình  xin  với,0
CÁCH GIẢM STRESS HIỆU QUẢ KHI LÀM VIỆC,"bài viết này rất hay và bổ ích, cảm ơn tác giả",0
NHỮNG CUỐN SÁCH HAY NÊN ĐỌC TRONG ĐỜI,"Kiếm tiền online tại nhà dễ dàng, đăng ký ngay tại http://kiemtiennhanh.com !!!",1
Cập nhật tin tức nóng hổi trong ngày <3,Mình  đã  thử  cách  này  và  thành  công  rồi,0
Cách giảm stress hiệu quả khi làm việc <3,"Kiếm tiền online tại nhà dễ dàng, đăng ký ngay tại http://kiemtiennhanh.com <3",1
Ai có kinh nghiệm du lịch Đà Lạt cho mình xin 😊,Ai có thể giúp mình giải bài tập toán này không? 😊,0
Tin  bóng  đá  mới  nhất  hôm  nay,"MÓN ĂN NÀY NHÌN NGON QUÁ, MUỐN THỬ NGAY",0
món ăn ngon dễ làm tại nhà,Bạn  nào  có  tài  liệu  môn  AI  cho  mình  xin  với,0
Chia  sẻ  cách  học  tiếng  Anh  hiệu  quả,"Mua  ngay  iPhone  15  giá  rẻ  chỉ  5  triệu,  liên  hệ  0123456789",1
Những cuốn sách hay nên đọc trong đời 😊,"Đầu tư coin lợi nhuận cao, cam kết lãi 20%/tháng <3",1
Những cuốn sách hay nên đọc trong đời !!!,"ĐẦU TƯ COIN LỢI NHUẬN CAO, CAM KẾT LÃI 20%/THÁNG",1
CHIA SẺ CÁCH HỌC TIẾNG ANH HIỆU QUẢ,BẠN NÀO CÓ TÀI LIỆU MÔN AI CHO MÌNH XIN VỚI,0
chia sẻ kinh nghiệm học lập trình python,"Xổ số trực tuyến uy tín, chơi là trúng <3",1
CHIA SẺ CÁCH HỌC TIẾNG ANH HIỆU QUẢ,Bạn nào có tài liệu môn AI cho mình xin với !!!,0
AI CÓ KINH NGHIỆM DU LỊCH ĐÀ LẠT CHO MÌNH XIN,AI CÓ THỂ GIÚP MÌNH GIẢI BÀI TẬP TOÁN NÀY KHÔNG?,0
Cách giảm stress hiệu quả khi làm việc !!!,"Món ăn này nhìn ngon quá, muốn thử ngay <3",0
Chia sẻ kinh nghiệm học lập trình Python !!!,"Cho vay tiền nhanh, thủ tục đơn giản, lãi suất thấp, gọi ngay 0987654321 <3",1
Chia sẻ cách học tiếng Anh hiệu quả <3,"Xổ số trực tuyến uy tín, chơi là trúng 😊",1
Ai có kinh nghiệm du lịch Đà Lạt cho mình xin <3,"Đầu  tư  coin  lợi  nhuận  cao,  cam  kết  lãi  20%/tháng",1
TIN BÓNG ĐÁ MỚI NHẤT HÔM NAY,"trời hôm nay thật đẹp, đi chơi thôi",0
Chia sẻ kinh nghiệm học lập trình Python 😊,Xem phim nóng miễn phí tại xxx.com <3,1
TIN BÓNG ĐÁ MỚI NHẤT HÔM NAY,Click vào đây để nhận 1000$ miễn phí!!! !!!,1
"Hôm nay trời thật đẹp, ai đi chơi không? 😊","Đăng  ký  khóa  học  làm  giàu,  đảm  bảo  thành  công  100%",1
CÁCH GIẢM STRESS HIỆU QUẢ KHI LÀM VIỆC,"Đăng ký khóa học làm giàu, đảm bảo thành công 100% !!!",1
Cùng nhau thảo luận về trí tuệ nhân tạo 😊,"THUỐC GIẢM CÂN AN TOÀN, HIỆU QUẢ, INBOX ĐỂ BIẾT THÊM CHI TIẾT",1
"Hôm nay trời thật đẹp, ai đi chơi không? <3","CHO VAY TIỀN NHANH, THỦ TỤC ĐƠN GIẢN, LÃI SUẤT THẤP, GỌI NGAY 0987654321",1
Tin  bóng  đá  mới  nhất  hôm  nay,Mình đồng ý với quan điểm trong bài viết !!!,0
Chia sẻ kinh nghiệm học lập trình Python <3,"Đầu tư coin lợi nhuận cao, cam kết lãi 20%/tháng <3",1
Cách giảm stress hiệu quả khi làm việc 😊,Chúc mọi người một ngày vui vẻ và hạnh phúc <3,0
Chia sẻ kinh nghiệm học lập trình Python !!!,Bạn nào có tài liệu môn AI cho mình xin với !!!,0
Cùng nhau thảo luận về trí tuệ nhân tạo <3,"thuốc giảm cân an toàn, hiệu quả, inbox để biết thêm chi tiết",1
Ai có kinh nghiệm du lịch Đà Lạt cho mình xin 😊,"Hôm qua mình vừa xem phim này, cực kỳ cảm động <3",0
Tin bóng đá mới nhất hôm nay !!!,"Đăng ký khóa học làm giàu, đảm bảo thành công 100% !!!",1
CẬP NHẬT TIN TỨC NÓNG HỔI TRONG NGÀY,"Xổ số trực tuyến uy tín, chơi là trúng 😊",1
Chia sẻ kinh nghiệm học lập trình Python !!!,"trời hôm nay thật đẹp, đi chơi thôi",0
Chia sẻ kinh nghiệm học lập trình Python <3,"Kiếm tiền online tại nhà dễ dàng, đăng ký ngay tại http://kiemtiennhanh.com <3",1
cùng nhau thảo luận về trí tuệ nhân tạo,"Hôm qua mình vừa xem phim này, cực kỳ cảm động !!!",0
NHỮNG CUỐN SÁCH HAY NÊN ĐỌC TRONG ĐỜI,"Mua ngay iPhone 15 giá rẻ chỉ 5 triệu, liên hệ 0123456789 !!!",1
Chia sẻ cách học tiếng Anh hiệu quả <3,"Bài viết này rất hay và bổ ích, cảm ơn tác giả <3",0
Cùng nhau thảo luận về trí tuệ nhân tạo 😊,"mua ngay iphone 15 giá rẻ chỉ 5 triệu, liên hệ 0123456789",1
Cách giảm stress hiệu quả khi làm việc <3,"Cho  vay  tiền  nhanh,  thủ  tục  đơn  giản,  lãi  suất  thấp,  gọi  ngay  0987654321",1
Cách giảm stress hiệu quả khi làm việc <3,"Bài viết này rất hay và bổ ích, cảm ơn tác giả <3",0
Cập  nhật  tin  tức  nóng  hổi  trong  ngày,"Thuốc giảm cân an toàn, hiệu quả, inbox để biết thêm chi tiết !!!",1
cách giảm stress hiệu quả khi làm việc,"Bài viết này rất hay và bổ ích, cảm ơn tác giả 😊",0
"HÔM NAY TRỜI THẬT ĐẸP, AI ĐI CHƠI KHÔNG?",Mình  đã  thử  cách  này  và  thành  công  rồi,0
tin bóng đá mới nhất hôm nay,Mình đồng ý với quan điểm trong bài viết 😊,0
ai có kinh nghiệm du lịch đà lạt cho mình xin,"Tăng follow Facebook giá rẻ, liên hệ zalo 0909123456 😊",1
Chia  sẻ  kinh  nghiệm  học  lập  trình  Python,Đây  là  một  chủ  đề  rất  thú  vị  để  thảo  luận,0
CHIA SẺ KINH NGHIỆM HỌC LẬP TRÌNH PYTHON,"Mua ngay iPhone 15 giá rẻ chỉ 5 triệu, liên hệ 0123456789 !!!",1
CÙNG NHAU THẢO LUẬN VỀ TRÍ TUỆ NHÂN TẠO,Bạn nào có tài liệu môn AI cho mình xin với 😊,0
chia sẻ cách học tiếng anh hiệu quả,"Thuốc giảm cân an toàn, hiệu quả, inbox để biết thêm chi tiết <3",1
"HÔM NAY TRỜI THẬT ĐẸP, AI ĐI CHƠI KHÔNG?","MÓN ĂN NÀY NHÌN NGON QUÁ, MUỐN THỬ NGAY",0
CẬP NHẬT TIN TỨC NÓNG HỔI TRONG NGÀY,CLICK VÀO ĐÂY ĐỂ NHẬN 1000$ MIỄN PHÍ!!!,1
Chia  sẻ  cách  học  tiếng  Anh  hiệu  quả,mình đồng ý với quan điểm trong bài viết,0
Ai có kinh nghiệm du lịch Đà Lạt cho mình xin !!!,Xem  phim  nóng  miễn  phí  tại  xxx.com,1
Chia  sẻ  cách  học  tiếng  Anh  hiệu  quả,chúc mọi người một ngày vui vẻ và hạnh phúc,0
cập nhật tin tức nóng hổi trong ngày,ai có thể giúp mình giải bài tập toán này không?,0
Cập  nhật  tin  tức  nóng  hổi  trong  ngày,"MUA NGAY IPHONE 15 GIÁ RẺ CHỈ 5 TRIỆU, LIÊN HỆ 0123456789",1
Cách  giảm  stress  hiệu  quả  khi  làm  việc,Mình đã thử cách này và thành công rồi 😊,0
Ai có kinh nghiệm du lịch Đà Lạt cho mình xin 😊,"Cho vay tiền nhanh, thủ tục đơn giản, lãi suất thấp, gọi ngay 0987654321 !!!",1
Những cuốn sách hay nên đọc trong đời 😊,Xem phim nóng miễn phí tại xxx.com !!!,1
Cập  nhật  tin  tức  nóng  hổi  trong  ngày,"KIẾM TIỀN ONLINE TẠI NHÀ DỄ DÀNG, ĐĂNG KÝ NGAY TẠI HTTP://KIEMTIENNHANH.COM",1
Cùng nhau thảo luận về trí tuệ nhân tạo <3,"Bài viết này rất hay và bổ ích, cảm ơn tác giả !!!",0
Những  cuốn  sách  hay  nên  đọc  trong  đời,"MUA NGAY IPHONE 15 GIÁ RẺ CHỈ 5 TRIỆU, LIÊN HỆ 0123456789",1
Tin bóng đá mới nhất hôm nay 😊,"Trời hôm nay thật đẹp, đi chơi thôi !!!",0
"Hôm nay trời thật đẹp, ai đi chơi không? !!!","Trời hôm nay thật đẹp, đi chơi thôi !!!",0
"Hôm nay trời thật đẹp, ai đi chơi không? !!!","Hôm qua mình vừa xem phim này, cực kỳ cảm động 😊",0
Cập nhật tin tức nóng hổi trong ngày !!!,"Đăng ký khóa học làm giàu, đảm bảo thành công 100% 😊",1
MÓN ĂN NGON DỄ LÀM TẠI NHÀ,"TĂNG FOLLOW FACEBOOK GIÁ RẺ, LIÊN HỆ ZALO 0909123456",1
NHỮNG CUỐN SÁCH HAY NÊN ĐỌC TRONG ĐỜI,Ai có thể giúp mình giải bài tập toán này không? !!!,0
Ai có kinh nghiệm du lịch Đà Lạt cho mình xin 😊,"Mua  ngay  iPhone  15  giá  rẻ  chỉ  5  triệu,  liên  hệ  0123456789",1
Tin bóng đá mới nhất hôm nay <3,"Tăng  follow  Facebook  giá  rẻ,  liên  hệ  zalo  0909123456",1
Những  cuốn  sách  hay  nên  đọc  trong  đời,"CHO VAY TIỀN NHANH, THỦ TỤC ĐƠN GIẢN, LÃI SUẤT THẤP, GỌI NGAY 0987654321",1
Chia  sẻ  cách  học  tiếng  Anh  hiệu  quả,"Tăng follow Facebook giá rẻ, liên hệ zalo 0909123456 😊",1
Món ăn ngon dễ làm tại nhà <3,"trời hôm nay thật đẹp, đi chơi thôi",0
Cách giảm stress hiệu quả khi làm việc !!!,"Đăng ký khóa học làm giàu, đảm bảo thành công 100% 😊",1
cách giảm stress hiệu quả khi làm việc,"Thuốc giảm cân an toàn, hiệu quả, inbox để biết thêm chi tiết <3",1
Ai có kinh nghiệm du lịch Đà Lạt cho mình xin 😊,"THUỐC GIẢM CÂN AN TOÀN, HIỆU QUẢ, INBOX ĐỂ BIẾT THÊM CHI TIẾT",1
Ai  có  kinh  nghiệm  du  lịch  Đà  Lạt  cho  mình  xin,"cho vay tiền nhanh, thủ tục đơn giản, lãi suất thấp, gọi ngay 0987654321",1
Cập  nhật  tin  tức  nóng  hổi  trong  ngày,Chúc  mọi  người  một  ngày  vui  vẻ  và  hạnh  phúc,0
Cùng nhau thảo luận về trí tuệ nhân tạo !!!,chúc mọi người một ngày vui vẻ và hạnh phúc,0
NHỮNG CUỐN SÁCH HAY NÊN ĐỌC TRONG ĐỜI,Click vào đây để nhận 1000$ miễn phí!!! !!!,1
Ai có kinh nghiệm du lịch Đà Lạt cho mình xin 😊,"Cho vay tiền nhanh, thủ tục đơn giản, lãi suất thấp, gọi ngay 0987654321 !!!",1
Ai  có  kinh  nghiệm  du  lịch  Đà  Lạt  cho  mình  xin,"Thuốc  giảm  cân  an  toàn,  hiệu  quả,  inbox  để  biết  thêm  chi  tiết",1
Ai  có  kinh  nghiệm  du  lịch  Đà  Lạt  cho  mình  xin,"Thuốc giảm cân an toàn, hiệu quả, inbox để biết thêm chi tiết 😊",1
Chia sẻ kinh nghiệm học lập trình Python <3,"Bài  viết  này  rất  hay  và  bổ  ích,  cảm  ơn  tác  giả",0
"hôm nay trời thật đẹp, ai đi chơi không?","Món ăn này nhìn ngon quá, muốn thử ngay <3",0
chia sẻ kinh nghiệm học lập trình python,Mình đồng ý với quan điểm trong bài viết 😊,0
CÙNG NHAU THẢO LUẬN VỀ TRÍ TUỆ NHÂN TẠO,"Hôm  qua  mình  vừa  xem  phim  này,  cực  kỳ  cảm  động",0
cách giảm stress hiệu quả khi làm việc,"xổ số trực tuyến uy tín, chơi là trúng",1
tin bóng đá mới nhất hôm nay,ai có thể giúp mình giải bài tập toán này không?,0
Chia sẻ kinh nghiệm học lập trình Python <3,Bạn  nào  có  tài  liệu  môn  AI  cho  mình  xin  với,0
Chia sẻ kinh nghiệm học lập trình Python !!!,"Bài viết này rất hay và bổ ích, cảm ơn tác giả !!!",0
Chia  sẻ  kinh  nghiệm  học  lập  trình  Python,"Trời hôm nay thật đẹp, đi chơi thôi !!!",0
"Hôm nay trời thật đẹp, ai đi chơi không? <3","Đầu tư coin lợi nhuận cao, cam kết lãi 20%/tháng !!!",1
cùng nhau thảo luận về trí tuệ nhân tạo,"Trời hôm nay thật đẹp, đi chơi thôi <3",0
Cùng nhau thảo luận về trí tuệ nhân tạo !!!,"Hôm qua mình vừa xem phim này, cực kỳ cảm động <3",0
Ai có kinh nghiệm du lịch Đà Lạt cho mình xin !!!,"xổ số trực tuyến uy tín, chơi là trúng",1
"hôm nay trời thật đẹp, ai đi chơi không?","tăng follow facebook giá rẻ, liên hệ zalo 0909123456",1
Cập nhật tin tức nóng hổi trong ngày 😊,"Đăng ký khóa học làm giàu, đảm bảo thành công 100% !!!",1
Chia  sẻ  cách  học  tiếng  Anh  hiệu  quả,Đây là một chủ đề rất thú vị để thảo luận 😊,0
CÁCH GIẢM STRESS HIỆU QUẢ KHI LÀM VIỆC,"Trời hôm nay thật đẹp, đi chơi thôi <3",0
Tin bóng đá mới nhất hôm nay <3,Mình  đã  thử  cách  này  và  thành  công  rồi,0
CHIA SẺ CÁCH HỌC TIẾNG ANH HIỆU QUẢ,Bạn  nào  có  tài  liệu  môn  AI  cho  mình  xin  với,0
CẬP NHẬT TIN TỨC NÓNG HỔI TRONG NGÀY,"xổ số trực tuyến uy tín, chơi là trúng",1
tin bóng đá mới nhất hôm nay,"Hôm qua mình vừa xem phim này, cực kỳ cảm động 😊",0
NHỮNG CUỐN SÁCH HAY NÊN ĐỌC TRONG ĐỜI,Xem  phim  nóng  miễn  phí  tại  xxx.com,1
chia sẻ kinh nghiệm học lập trình python,"Kiếm  tiền  online  tại  nhà  dễ  dàng,  đăng  ký  ngay  tại  http://kiemtiennhanh.com",1
Món ăn ngon dễ làm tại nhà !!!,MÌNH ĐỒNG Ý VỚI QUAN ĐIỂM TRONG BÀI VIẾT,0
Món ăn ngon dễ làm tại nhà 😊,click vào đây để nhận 1000$ miễn phí!!!,1
Ai  có  kinh  nghiệm  du  lịch  Đà  Lạt  cho  mình  xin,"Đăng  ký  khóa  học  làm  giàu,  đảm  bảo  thành  công  100%",1
"Hôm nay trời thật đẹp, ai đi chơi không? 😊","Mua  ngay  iPhone  15  giá  rẻ  chỉ  5  triệu,  liên  hệ  0123456789",1
Tin bóng đá mới nhất hôm nay <3,"Đăng  ký  khóa  học  làm  giàu,  đảm  bảo  thành  công  100%",1
"Hôm nay trời thật đẹp, ai đi chơi không? !!!","Thuốc giảm cân an toàn, hiệu quả, inbox để biết thêm chi tiết 😊",1
CÙNG NHAU THẢO LUẬN VỀ TRÍ TUỆ NHÂN TẠO,"Kiếm tiền online tại nhà dễ dàng, đăng ký ngay tại http://kiemtiennhanh.com !!!",1
CHIA SẺ CÁCH HỌC TIẾNG ANH HIỆU QUẢ,"Đầu tư coin lợi nhuận cao, cam kết lãi 20%/tháng !!!",1
Những cuốn sách hay nên đọc trong đời <3,"TRỜI HÔM NAY THẬT ĐẸP, ĐI CHƠI THÔI",0
Chia sẻ cách học tiếng Anh hiệu quả 😊,"Kiếm tiền online tại nhà dễ dàng, đăng ký ngay tại http://kiemtiennhanh.com <3",1
Chia sẻ cách học tiếng Anh hiệu quả <3,"HÔM QUA MÌNH VỪA XEM PHIM NÀY, CỰC KỲ CẢM ĐỘNG",0
Cách giảm stress hiệu quả khi làm việc !!!,"kiếm tiền online tại nhà dễ dàng, đăng ký ngay tại http://kiemtiennhanh.com",1
Cùng nhau thảo luận về trí tuệ nhân tạo <3,"Đăng ký khóa học làm giàu, đảm bảo thành công 100% 😊",1
NHỮNG CUỐN SÁCH HAY NÊN ĐỌC TRONG ĐỜI,"Kiếm  tiền  online  tại  nhà  dễ  dàng,  đăng  ký  ngay  tại  http://kiemtiennhanh.com",1
Cùng nhau thảo luận về trí tuệ nhân tạo 😊,mình đã thử cách này và thành công rồi,0
cách giảm stress hiệu quả khi làm việc,Xem phim nóng miễn phí tại xxx.com !!!,1
Cách giảm stress hiệu quả khi làm việc !!!,"Thuốc giảm cân an toàn, hiệu quả, inbox để biết thêm chi tiết 😊",1
Chia sẻ cách học tiếng Anh hiệu quả !!!,Bạn nào có tài liệu môn AI cho mình xin với !!!,0
Món ăn ngon dễ làm tại nhà !!!,"bài viết này rất hay và bổ ích, cảm ơn tác giả",0
Món ăn ngon dễ làm tại nhà <3,"Đầu tư coin lợi nhuận cao, cam kết lãi 20%/tháng <3",1
Chia sẻ cách học tiếng Anh hiệu quả !!!,"Bài viết này rất hay và bổ ích, cảm ơn tác giả <3",0
cập nhật tin tức nóng hổi trong ngày,"hôm qua mình vừa xem phim này, cực kỳ cảm động",0
Chia  sẻ  cách  học  tiếng  Anh  hiệu  quả,Bạn nào có tài liệu môn AI cho mình xin với !!!,0
cách giảm stress hiệu quả khi làm việc,Click vào đây để nhận 1000$ miễn phí!!! <3,1
chia sẻ kinh nghiệm học lập trình python,Mình đã thử cách này và thành công rồi !!!,0
Chia sẻ cách học tiếng Anh hiệu quả <3,"Đầu tư coin lợi nhuận cao, cam kết lãi 20%/tháng !!!",1
CHIA SẺ CÁCH HỌC TIẾNG ANH HIỆU QUẢ,"CHO VAY TIỀN NHANH, THỦ TỤC ĐƠN GIẢN, LÃI SUẤT THẤP, GỌI NGAY 0987654321",1
CẬP NHẬT TIN TỨC NÓNG HỔI TRONG NGÀY,"Đầu tư coin lợi nhuận cao, cam kết lãi 20%/tháng 😊",1
Cập nhật tin tức nóng hổi trong ngày !!!,"Mua ngay iPhone 15 giá rẻ chỉ 5 triệu, liên hệ 0123456789 !!!",1
Chia sẻ cách học tiếng Anh hiệu quả <3,Mình  đã  thử  cách  này  và  thành  công  rồi,0
Cùng nhau thảo luận về trí tuệ nhân tạo !!!,"BÀI VIẾT NÀY RẤT HAY VÀ BỔ ÍCH, CẢM ƠN TÁC GIẢ",0
Chia  sẻ  kinh  nghiệm  học  lập  trình  Python,MÌNH ĐÃ THỬ CÁCH NÀY VÀ THÀNH CÔNG RỒI,0
CHIA SẺ CÁCH HỌC TIẾNG ANH HIỆU QUẢ,"Cho vay tiền nhanh, thủ tục đơn giản, lãi suất thấp, gọi ngay 0987654321 !!!",1
"hôm nay trời thật đẹp, ai đi chơi không?","Hôm qua mình vừa xem phim này, cực kỳ cảm động 😊",0
Cập nhật tin tức nóng hổi trong ngày <3,Đây là một chủ đề rất thú vị để thảo luận 😊,0
"Hôm nay trời thật đẹp, ai đi chơi không? !!!","Cho  vay  tiền  nhanh,  thủ  tục  đơn  giản,  lãi  suất  thấp,  gọi  ngay  0987654321",1
"Hôm  nay  trời  thật  đẹp,  ai  đi  chơi  không?","ĐẦU TƯ COIN LỢI NHUẬN CAO, CAM KẾT LÃI 20%/THÁNG",1
CÁCH GIẢM STRESS HIỆU QUẢ KHI LÀM VIỆC,"thuốc giảm cân an toàn, hiệu quả, inbox để biết thêm chi tiết",1
cách giảm stress hiệu quả khi làm việc,Mình đồng ý với quan điểm trong bài viết <3,0
Cùng  nhau  thảo  luận  về  trí  tuệ  nhân  tạo,"Món ăn này nhìn ngon quá, muốn thử ngay !!!",0
Những cuốn sách hay nên đọc trong đời 😊,"Kiếm tiền online tại nhà dễ dàng, đăng ký ngay tại http://kiemtiennhanh.com 😊",1
Chia  sẻ  kinh  nghiệm  học  lập  trình  Python,"Tăng follow Facebook giá rẻ, liên hệ zalo 0909123456 <3",1
Chia sẻ kinh nghiệm học lập trình Python <3,Bạn nào có tài liệu môn AI cho mình xin với <3,0
cách giảm stress hiệu quả khi làm việc,"Kiếm tiền online tại nhà dễ dàng, đăng ký ngay tại http://kiemtiennhanh.com 😊",1
"Hôm nay trời thật đẹp, ai đi chơi không? 😊",Ai có thể giúp mình giải bài tập toán này không? <3,0
cập nhật tin tức nóng hổi trong ngày,"xổ số trực tuyến uy tín, chơi là trúng",1
Tin  bóng  đá  mới  nhất  hôm  nay,"Món  ăn  này  nhìn  ngon  quá,  muốn  thử  ngay",0
"hôm nay trời thật đẹp, ai đi chơi không?","ĐẦU TƯ COIN LỢI NHUẬN CAO, CAM KẾT LÃI 20%/THÁNG",1
Cách giảm stress hiệu quả khi làm việc 😊,"Trời  hôm  nay  thật  đẹp,  đi  chơi  thôi",0
ai có kinh nghiệm du lịch đà lạt cho mình xin,CHÚC MỌI NGƯỜI MỘT NGÀY VUI VẺ VÀ HẠNH PHÚC,0
Ai có kinh nghiệm du lịch Đà Lạt cho mình xin <3,"Tăng follow Facebook giá rẻ, liên hệ zalo 0909123456 😊",1
Những cuốn sách hay nên đọc trong đời 😊,Click vào đây để nhận 1000$ miễn phí!!! <3,1
Cập nhật tin tức nóng hổi trong ngày 😊,"Bài viết này rất hay và bổ ích, cảm ơn tác giả 😊",0
NHỮNG CUỐN SÁCH HAY NÊN ĐỌC TRONG ĐỜI,Bạn nào có tài liệu môn AI cho mình xin với 😊,0
Chia sẻ cách học tiếng Anh hiệu quả 😊,"Mua ngay iPhone 15 giá rẻ chỉ 5 triệu, liên hệ 0123456789 😊",1
CÙNG NHAU THẢO LUẬN VỀ TRÍ TUỆ NHÂN TẠO,Chúc mọi người một ngày vui vẻ và hạnh phúc !!!,0
Cùng nhau thảo luận về trí tuệ nhân tạo 😊,"Tăng follow Facebook giá rẻ, liên hệ zalo 0909123456 !!!",1
"hôm nay trời thật đẹp, ai đi chơi không?","trời hôm nay thật đẹp, đi chơi thôi",0
Chia sẻ kinh nghiệm học lập trình Python 😊,"bài viết này rất hay và bổ ích, cảm ơn tác giả",0
Những cuốn sách hay nên đọc trong đời !!!,"TĂNG FOLLOW FACEBOOK GIÁ RẺ, LIÊN HỆ ZALO 0909123456",1
Cách giảm stress hiệu quả khi làm việc 😊,"Trời hôm nay thật đẹp, đi chơi thôi !!!",0
Tin bóng đá mới nhất hôm nay <3,Ai có thể giúp mình giải bài tập toán này không? 😊,0
NHỮNG CUỐN SÁCH HAY NÊN ĐỌC TRONG ĐỜI,"Kiếm tiền online tại nhà dễ dàng, đăng ký ngay tại http://kiemtiennhanh.com <3",1
Chia sẻ cách học tiếng Anh hiệu quả !!!,Ai có thể giúp mình giải bài tập toán này không? <3,0
cùng nhau thảo luận về trí tuệ nhân tạo,Click  vào  đây  để  nhận  1000$  miễn  phí!!!,1
"Hôm nay trời thật đẹp, ai đi chơi không? !!!","Trời  hôm  nay  thật  đẹp,  đi  chơi  thôi",0
Cập nhật tin tức nóng hổi trong ngày 😊,"Đăng ký khóa học làm giàu, đảm bảo thành công 100% <3",1
Tin bóng đá mới nhất hôm nay 😊,"Bài viết này rất hay và bổ ích, cảm ơn tác giả !!!",0
MÓN ĂN NGON DỄ LÀM TẠI NHÀ,Đây là một chủ đề rất thú vị để thảo luận 😊,0
Cùng nhau thảo luận về trí tuệ nhân tạo <3,"Thuốc  giảm  cân  an  toàn,  hiệu  quả,  inbox  để  biết  thêm  chi  tiết",1
Chia  sẻ  cách  học  tiếng  Anh  hiệu  quả,bạn nào có tài liệu môn ai cho mình xin với,0
Những cuốn sách hay nên đọc trong đời !!!,Bạn nào có tài liệu môn AI cho mình xin với <3,0
cập nhật tin tức nóng hổi trong ngày,BẠN NÀO CÓ TÀI LIỆU MÔN AI CHO MÌNH XIN VỚI,0
Món  ăn  ngon  dễ  làm  tại  nhà,"Món  ăn  này  nhìn  ngon  quá,  muốn  thử  ngay",0
Cùng  nhau  thảo  luận  về  trí  tuệ  nhân  tạo,"Cho vay tiền nhanh, thủ tục đơn giản, lãi suất thấp, gọi ngay 0987654321 <3",1
Chia sẻ cách học tiếng Anh hiệu quả 😊,"Hôm qua mình vừa xem phim này, cực kỳ cảm động 😊",0
Chia sẻ kinh nghiệm học lập trình Python 😊,xem phim nóng miễn phí tại xxx.com,1
Tin bóng đá mới nhất hôm nay !!!,"Đầu tư coin lợi nhuận cao, cam kết lãi 20%/tháng !!!",1
Chia sẻ cách học tiếng Anh hiệu quả !!!,MÌNH ĐỒNG Ý VỚI QUAN ĐIỂM TRONG BÀI VIẾT,0
Cùng  nhau  thảo  luận  về  trí  tuệ  nhân  tạo,"Mua ngay iPhone 15 giá rẻ chỉ 5 triệu, liên hệ 0123456789 😊",1
CÙNG NHAU THẢO LUẬN VỀ TRÍ TUỆ NHÂN TẠO,Xem phim nóng miễn phí tại xxx.com 😊,1
Chia  sẻ  cách  học  tiếng  Anh  hiệu  quả,"TĂNG FOLLOW FACEBOOK GIÁ RẺ, LIÊN HỆ ZALO 0909123456",1
Tin bóng đá mới nhất hôm nay 😊,Mình đồng ý với quan điểm trong bài viết 😊,0
Chia sẻ cách học tiếng Anh hiệu quả 😊,"Bài  viết  này  rất  hay  và  bổ  ích,  cảm  ơn  tác  giả",0
Những cuốn sách hay nên đọc trong đời <3,"Mua  ngay  iPhone  15  giá  rẻ  chỉ  5  triệu,  liên  hệ  0123456789",1
Ai có kinh nghiệm du lịch Đà Lạt cho mình xin 😊,chúc mọi người một ngày vui vẻ và hạnh phúc,0
cùng nhau thảo luận về trí tuệ nhân tạo,"Cho  vay  tiền  nhanh,  thủ  tục  đơn  giản,  lãi  suất  thấp,  gọi  ngay  0987654321",1
Cách  giảm  stress  hiệu  quả  khi  làm  việc,"Xổ  số  trực  tuyến  uy  tín,  chơi  là  trúng",1
Món ăn ngon dễ làm tại nhà !!!,Click vào đây để nhận 1000$ miễn phí!!! !!!,1
CẬP NHẬT TIN TỨC NÓNG HỔI TRONG NGÀY,Mình đồng ý với quan điểm trong bài viết <3,0
tin bóng đá mới nhất hôm nay,"ĐĂNG KÝ KHÓA HỌC LÀM GIÀU, ĐẢM BẢO THÀNH CÔNG 100%",1
Ai có kinh nghiệm du lịch Đà Lạt cho mình xin 😊,"MUA NGAY IPHONE 15 GIÁ RẺ CHỈ 5 TRIỆU, LIÊN HỆ 0123456789",1
"HÔM NAY TRỜI THẬT ĐẸP, AI ĐI CHƠI KHÔNG?","Kiếm tiền online tại nhà dễ dàng, đăng ký ngay tại http://kiemtiennhanh.com !!!",1
Cách giảm stress hiệu quả khi làm việc <3,"Trời hôm nay thật đẹp, đi chơi thôi 😊",0
Chia sẻ cách học tiếng Anh hiệu quả 😊,"Xổ  số  trực  tuyến  uy  tín,  chơi  là  trúng",1
CHIA SẺ CÁCH HỌC TIẾNG ANH HIỆU QUẢ,"XỔ SỐ TRỰC TUYẾN UY TÍN, CHƠI LÀ TRÚNG",1
Món ăn ngon dễ làm tại nhà !!!,mình đã thử cách này và thành công rồi,0
CẬP NHẬT TIN TỨC NÓNG HỔI TRONG NGÀY,Mình đồng ý với quan điểm trong bài viết 😊,0
Những cuốn sách hay nên đọc trong đời <3,"cho vay tiền nhanh, thủ tục đơn giản, lãi suất thấp, gọi ngay 0987654321",1
Món ăn ngon dễ làm tại nhà 😊,Mình đồng ý với quan điểm trong bài viết !!!,0
Cùng nhau thảo luận về trí tuệ nhân tạo 😊,"ĐĂNG KÝ KHÓA HỌC LÀM GIÀU, ĐẢM BẢO THÀNH CÔNG 100%",1
Cập nhật tin tức nóng hổi trong ngày 😊,"Tăng follow Facebook giá rẻ, liên hệ zalo 0909123456 !!!",1
Ai có kinh nghiệm du lịch Đà Lạt cho mình xin !!!,"BÀI VIẾT NÀY RẤT HAY VÀ BỔ ÍCH, CẢM ƠN TÁC GIẢ",0
Chia  sẻ  cách  học  tiếng  Anh  hiệu  quả,"tăng follow facebook giá rẻ, liên hệ zalo 0909123456",1
chia sẻ cách học tiếng anh hiệu quả,"Đăng ký khóa học làm giàu, đảm bảo thành công 100% 😊",1
Chia sẻ cách học tiếng Anh hiệu quả !!!,"Đầu  tư  coin  lợi  nhuận  cao,  cam  kết  lãi  20%/tháng",1
chia sẻ kinh nghiệm học lập trình python,"Kiếm tiền online tại nhà dễ dàng, đăng ký ngay tại http://kiemtiennhanh.com <3",1
Cách giảm stress hiệu quả khi làm việc 😊,AI CÓ THỂ GIÚP MÌNH GIẢI BÀI TẬP TOÁN NÀY KHÔNG?,0
Tin  bóng  đá  mới  nhất  hôm  nay,"Trời hôm nay thật đẹp, đi chơi thôi 😊",0
Ai có kinh nghiệm du lịch Đà Lạt cho mình xin <3,"đầu tư coin lợi nhuận cao, cam kết lãi 20%/tháng",1
CẬP NHẬT TIN TỨC NÓNG HỔI TRONG NGÀY,click vào đây để nhận 1000$ miễn phí!!!,1
Ai có kinh nghiệm du lịch Đà Lạt cho mình xin !!!,Bạn nào có tài liệu môn AI cho mình xin với 😊,0
Tin bóng đá mới nhất hôm nay 😊,bạn nào có tài liệu môn ai cho mình xin với,0
Tin  bóng  đá  mới  nhất  hôm  nay,Đây là một chủ đề rất thú vị để thảo luận 😊,0
Chia sẻ cách học tiếng Anh hiệu quả !!!,Mình đồng ý với quan điểm trong bài viết 😊,0
Chia  sẻ  kinh  nghiệm  học  lập  trình  Python,mình đã thử cách này và thành công rồi,0
Chia sẻ kinh nghiệm học lập trình Python <3,"Tăng follow Facebook giá rẻ, liên hệ zalo 0909123456 !!!",1
Cùng nhau thảo luận về trí tuệ nhân tạo !!!,"Món ăn này nhìn ngon quá, muốn thử ngay <3",0
Chia sẻ kinh nghiệm học lập trình Python 😊,"cho vay tiền nhanh, thủ tục đơn giản, lãi suất thấp, gọi ngay 0987654321",1
món ăn ngon dễ làm tại nhà,"CHO VAY TIỀN NHANH, THỦ TỤC ĐƠN GIẢN, LÃI SUẤT THẤP, GỌI NGAY 0987654321",1
Những cuốn sách hay nên đọc trong đời 😊,"TRỜI HÔM NAY THẬT ĐẸP, ĐI CHƠI THÔI",0
chia sẻ cách học tiếng anh hiệu quả,"mua ngay iphone 15 giá rẻ chỉ 5 triệu, liên hệ 0123456789",1
Tin bóng đá mới nhất hôm nay 😊,"Hôm  qua  mình  vừa  xem  phim  này,  cực  kỳ  cảm  động",0
Chia sẻ cách học tiếng Anh hiệu quả <3,Đây là một chủ đề rất thú vị để thảo luận <3,0
CÁCH GIẢM STRESS HIỆU QUẢ KHI LÀM VIỆC,"Hôm  qua  mình  vừa  xem  phim  này,  cực  kỳ  cảm  động",0
món ăn ngon dễ làm tại nhà,"Đầu tư coin lợi nhuận cao, cam kết lãi 20%/tháng !!!",1
chia sẻ cách học tiếng anh hiệu quả,CHÚC MỌI NGƯỜI MỘT NGÀY VUI VẺ VÀ HẠNH PHÚC,0
TIN BÓNG ĐÁ MỚI NHẤT HÔM NAY,Bạn  nào  có  tài  liệu  môn  AI  cho  mình  xin  với,0
"Hôm nay trời thật đẹp, ai đi chơi không? !!!","TĂNG FOLLOW FACEBOOK GIÁ RẺ, LIÊN HỆ ZALO 0909123456",1
Chia  sẻ  cách  học  tiếng  Anh  hiệu  quả,"MÓN ĂN NÀY NHÌN NGON QUÁ, MUỐN THỬ NGAY",0
CẬP NHẬT TIN TỨC NÓNG HỔI TRONG NGÀY,"Đăng ký khóa học làm giàu, đảm bảo thành công 100% <3",1
Chia sẻ kinh nghiệm học lập trình Python !!!,"Đăng ký khóa học làm giàu, đảm bảo thành công 100% <3",1
Tin bóng đá mới nhất hôm nay !!!,Ai  có  thể  giúp  mình  giải  bài  tập  toán  này  không?,0
những cuốn sách hay nên đọc trong đời,"Món ăn này nhìn ngon quá, muốn thử ngay <3",0
Cập  nhật  tin  tức  nóng  hổi  trong  ngày,"Hôm qua mình vừa xem phim này, cực kỳ cảm động 😊",0
Cập nhật tin tức nóng hổi trong ngày 😊,AI CÓ THỂ GIÚP MÌNH GIẢI BÀI TẬP TOÁN NÀY KHÔNG?,0
Ai có kinh nghiệm du lịch Đà Lạt cho mình xin 😊,"Xổ số trực tuyến uy tín, chơi là trúng 😊",1
Cùng nhau thảo luận về trí tuệ nhân tạo 😊,"Đăng ký khóa học làm giàu, đảm bảo thành công 100% !!!",1
Chia sẻ cách học tiếng Anh hiệu quả !!!,"Cho vay tiền nhanh, thủ tục đơn giản, lãi suất thấp, gọi ngay 0987654321 !!!",1
"Hôm nay trời thật đẹp, ai đi chơi không? <3",XEM PHIM NÓNG MIỄN PHÍ TẠI XXX.COM,1
Những cuốn sách hay nên đọc trong đời !!!,"Xổ số trực tuyến uy tín, chơi là trúng !!!",1
Tin bóng đá mới nhất hôm nay 😊,BẠN NÀO CÓ TÀI LIỆU MÔN AI CHO MÌNH XIN VỚI,0
Cách  giảm  stress  hiệu  quả  khi  làm  việc,"Tăng  follow  Facebook  giá  rẻ,  liên  hệ  zalo  0909123456",1
Những cuốn sách hay nên đọc trong đời <3,"Xổ số trực tuyến uy tín, chơi là trúng <3",1
"Hôm nay trời thật đẹp, ai đi chơi không? <3",Ai có thể giúp mình giải bài tập toán này không? 😊,0
Cách giảm stress hiệu quả khi làm việc !!!,Xem  phim  nóng  miễn  phí  tại  xxx.com,1
CHIA SẺ CÁCH HỌC TIẾNG ANH HIỆU QUẢ,Ai có thể giúp mình giải bài tập toán này không? 😊,0
cập nhật tin tức nóng hổi trong ngày,"Thuốc giảm cân an toàn, hiệu quả, inbox để biết thêm chi tiết !!!",1
món ăn ngon dễ làm tại nhà,"CHO VAY TIỀN NHANH, THỦ TỤC ĐƠN GIẢN, LÃI SUẤT THẤP, GỌI NGAY 0987654321",1
Tin bóng đá mới nhất hôm nay !!!,"ĐĂNG KÝ KHÓA HỌC LÀM GIÀU, ĐẢM BẢO THÀNH CÔNG 100%",1
Ai có kinh nghiệm du lịch Đà Lạt cho mình xin 😊,"Đầu tư coin lợi nhuận cao, cam kết lãi 20%/tháng 😊",1
Chia sẻ cách học tiếng Anh hiệu quả !!!,đây là một chủ đề rất thú vị để thảo luận,0
Cách giảm stress hiệu quả khi làm việc <3,"Tăng follow Facebook giá rẻ, liên hệ zalo 0909123456 😊",1
"Hôm nay trời thật đẹp, ai đi chơi không? !!!",XEM PHIM NÓNG MIỄN PHÍ TẠI XXX.COM,1
"hôm nay trời thật đẹp, ai đi chơi không?",đây là một chủ đề rất thú vị để thảo luận,0
"Hôm  nay  trời  thật  đẹp,  ai  đi  chơi  không?","Hôm qua mình vừa xem phim này, cực kỳ cảm động <3",0
Tin  bóng  đá  mới  nhất  hôm  nay,"đầu tư coin lợi nhuận cao, cam kết lãi 20%/tháng",1
CẬP NHẬT TIN TỨC NÓNG HỔI TRONG NGÀY,"mua ngay iphone 15 giá rẻ chỉ 5 triệu, liên hệ 0123456789",1
Tin bóng đá mới nhất hôm nay 😊,"đăng ký khóa học làm giàu, đảm bảo thành công 100%",1
CẬP NHẬT TIN TỨC NÓNG HỔI TRONG NGÀY,Đây  là  một  chủ  đề  rất  thú  vị  để  thảo  luận,0
Cùng nhau thảo luận về trí tuệ nhân tạo 😊,"Cho vay tiền nhanh, thủ tục đơn giản, lãi suất thấp, gọi ngay 0987654321 !!!",1
"hôm nay trời thật đẹp, ai đi chơi không?",Chúc  mọi  người  một  ngày  vui  vẻ  và  hạnh  phúc,0
Ai có kinh nghiệm du lịch Đà Lạt cho mình xin 😊,Mình đồng ý với quan điểm trong bài viết <3,0
Cách giảm stress hiệu quả khi làm việc 😊,Mình đã thử cách này và thành công rồi !!!,0
CHIA SẺ CÁCH HỌC TIẾNG ANH HIỆU QUẢ,MÌNH ĐÃ THỬ CÁCH NÀY VÀ THÀNH CÔNG RỒI,0
Cách giảm stress hiệu quả khi làm việc <3,"TRỜI HÔM NAY THẬT ĐẸP, ĐI CHƠI THÔI",0
Những cuốn sách hay nên đọc trong đời !!!,"Cho vay tiền nhanh, thủ tục đơn giản, lãi suất thấp, gọi ngay 0987654321 !!!",1
Chia sẻ kinh nghiệm học lập trình Python 😊,"xổ số trực tuyến uy tín, chơi là trúng",1
Món ăn ngon dễ làm tại nhà <3,"MÓN ĂN NÀY NHÌN NGON QUÁ, MUỐN THỬ NGAY",0
Ai có kinh nghiệm du lịch Đà Lạt cho mình xin 😊,bạn nào có tài liệu môn ai cho mình xin với,0
Cùng nhau thảo luận về trí tuệ nhân tạo !!!,Mình đồng ý với quan điểm trong bài viết 😊,0
Món ăn ngon dễ làm tại nhà <3,Đây là một chủ đề rất thú vị để thảo luận 😊,0
cùng nhau thảo luận về trí tuệ nhân tạo,"Món ăn này nhìn ngon quá, muốn thử ngay <3",0
Ai có kinh nghiệm du lịch Đà Lạt cho mình xin 😊,Mình  đồng  ý  với  quan  điểm  trong  bài  viết,0
CẬP NHẬT TIN TỨC NÓNG HỔI TRONG NGÀY,Đây là một chủ đề rất thú vị để thảo luận !!!,0
chia sẻ kinh nghiệm học lập trình python,"món ăn này nhìn ngon quá, muốn thử ngay",0
Cách giảm stress hiệu quả khi làm việc <3,Chúc mọi người một ngày vui vẻ và hạnh phúc !!!,0
"HÔM NAY TRỜI THẬT ĐẸP, AI ĐI CHƠI KHÔNG?","Thuốc giảm cân an toàn, hiệu quả, inbox để biết thêm chi tiết <3",1
Chia sẻ kinh nghiệm học lập trình Python !!!,Chúc mọi người một ngày vui vẻ và hạnh phúc <3,0
Chia sẻ kinh nghiệm học lập trình Python 😊,"Thuốc giảm cân an toàn, hiệu quả, inbox để biết thêm chi tiết !!!",1
NHỮNG CUỐN SÁCH HAY NÊN ĐỌC TRONG ĐỜI,"MÓN ĂN NÀY NHÌN NGON QUÁ, MUỐN THỬ NGAY",0
MÓN ĂN NGON DỄ LÀM TẠI NHÀ,Đây  là  một  chủ  đề  rất  thú  vị  để  thảo  luận,0
tin bóng đá mới nhất hôm nay,"Đầu  tư  coin  lợi  nhuận  cao,  cam  kết  lãi  20%/tháng",1
chia sẻ kinh nghiệm học lập trình python,"Xổ số trực tuyến uy tín, chơi là trúng !!!",1
Ai có kinh nghiệm du lịch Đà Lạt cho mình xin <3,"TĂNG FOLLOW FACEBOOK GIÁ RẺ, LIÊN HỆ ZALO 0909123456",1
NHỮNG CUỐN SÁCH HAY NÊN ĐỌC TRONG ĐỜI,"Món ăn này nhìn ngon quá, muốn thử ngay !!!",0
Những  cuốn  sách  hay  nên  đọc  trong  đời,Đây là một chủ đề rất thú vị để thảo luận <3,0
"Hôm  nay  trời  thật  đẹp,  ai  đi  chơi  không?","Trời hôm nay thật đẹp, đi chơi thôi !!!",0
Những  cuốn  sách  hay  nên  đọc  trong  đời,"Trời hôm nay thật đẹp, đi chơi thôi <3",0
NHỮNG CUỐN SÁCH HAY NÊN ĐỌC TRONG ĐỜI,Click vào đây để nhận 1000$ miễn phí!!! 😊,1
Tin bóng đá mới nhất hôm nay 😊,Click vào đây để nhận 1000$ miễn phí!!! <3,1
"Hôm nay trời thật đẹp, ai đi chơi không? !!!","Mua ngay iPhone 15 giá rẻ chỉ 5 triệu, liên hệ 0123456789 😊",1
Những cuốn sách hay nên đọc trong đời !!!,"Mua ngay iPhone 15 giá rẻ chỉ 5 triệu, liên hệ 0123456789 !!!",1
Tin bóng đá mới nhất hôm nay 😊,Chúc mọi người một ngày vui vẻ và hạnh phúc <3,0
cách giảm stress hiệu quả khi làm việc,"món ăn này nhìn ngon quá, muốn thử ngay",0
Chia  sẻ  cách  học  tiếng  Anh  hiệu  quả,Đây là một chủ đề rất thú vị để thảo luận 😊,0
Cập nhật tin tức nóng hổi trong ngày <3,"Mua ngay iPhone 15 giá rẻ chỉ 5 triệu, liên hệ 0123456789 😊",1
Chia sẻ kinh nghiệm học lập trình Python <3,"Đầu tư coin lợi nhuận cao, cam kết lãi 20%/tháng 😊",1
Cập nhật tin tức nóng hổi trong ngày <3,Xem  phim  nóng  miễn  phí  tại  xxx.com,1
Cùng nhau thảo luận về trí tuệ nhân tạo <3,Xem phim nóng miễn phí tại xxx.com 😊,1
"Hôm nay trời thật đẹp, ai đi chơi không? <3",Bạn nào có tài liệu môn AI cho mình xin với !!!,0
Những cuốn sách hay nên đọc trong đời <3,"Món  ăn  này  nhìn  ngon  quá,  muốn  thử  ngay",0
Cùng nhau thảo luận về trí tuệ nhân tạo !!!,CLICK VÀO ĐÂY ĐỂ NHẬN 1000$ MIỄN PHÍ!!!,1
Ai có kinh nghiệm du lịch Đà Lạt cho mình xin <3,"Đăng ký khóa học làm giàu, đảm bảo thành công 100% 😊",1
Tin bóng đá mới nhất hôm nay 😊,CHÚC MỌI NGƯỜI MỘT NGÀY VUI VẺ VÀ HẠNH PHÚC,0
