caption,coment,label
Chia sẻ cách học tiếng Anh hiệu quả,Click vào đây để nhận 1000$ miễn phí!!!,1
"Hôm nay trời thật đẹp, ai đi chơi không?","Mua ngay iPhone 15 giá rẻ chỉ 5 triệu, liên hệ 0123456789",1
Chia sẻ kinh nghiệm học lập trình Python,Click vào đây để nhận 1000$ miễn phí!!!,1
"Hôm nay trời thật đẹp, ai đi chơi không?",Đây là một chủ đề rất thú vị để thảo luận,0
Cách giảm stress hiệu quả khi làm việc,Chúc mọi người một ngày vui vẻ và hạnh phúc,0
Cách giảm stress hiệu quả khi làm việc,"Trời hôm nay thật đẹp, đi chơi thôi",0
Chia sẻ kinh nghiệm học lập trình Python,"Thuốc giảm cân an toàn, hiệu quả, inbox để biết thêm chi tiết",1
Chia sẻ kinh nghiệm học lập trình Python,Đây là một chủ đề rất thú vị để thảo luận,0
Món ăn ngon dễ làm tại nhà,Đây là một chủ đề rất thú vị để thảo luận,0
Chia sẻ kinh nghiệm học lập trình Python,Mình đồng ý với quan điểm trong bài viết,0
Chia sẻ cách học tiếng Anh hiệu quả,Chúc mọi người một ngày vui vẻ và hạnh phúc,0
Ai có kinh nghiệm du lịch Đà Lạt cho mình xin,"Bài viết này rất hay và bổ ích, cảm ơn tác giả",0
Cùng nhau thảo luận về trí tuệ nhân tạo,"Đăng ký khóa học làm giàu, đảm bảo thành công 100%",1
Chia sẻ kinh nghiệm học lập trình Python,Mình đồng ý với quan điểm trong bài viết,0
Tin bóng đá mới nhất hôm nay,Bạn nào có tài liệu môn AI cho mình xin với,0
Cách giảm stress hiệu quả khi làm việc,Xem phim nóng miễn phí tại xxx.com,1
Tin bóng đá mới nhất hôm nay,Mình đã thử cách này và thành công rồi,0
Chia sẻ kinh nghiệm học lập trình Python,Bạn nào có tài liệu môn AI cho mình xin với,0
Chia sẻ kinh nghiệm học lập trình Python,Click vào đây để nhận 1000$ miễn phí!!!,1
Ai có kinh nghiệm du lịch Đà Lạt cho mình xin,"Bài viết này rất hay và bổ ích, cảm ơn tác giả",0
"Hôm nay trời thật đẹp, ai đi chơi không?","Đầu tư coin lợi nhuận cao, cam kết lãi 20%/tháng",1
Cùng nhau thảo luận về trí tuệ nhân tạo,"Bài viết này rất hay và bổ ích, cảm ơn tác giả",0
Ai có kinh nghiệm du lịch Đà Lạt cho mình xin,"Kiếm tiền online tại nhà dễ dàng, đăng ký ngay tại http://kiemtiennhanh.com",1
Cách giảm stress hiệu quả khi làm việc,Chúc mọi người một ngày vui vẻ và hạnh phúc,0
Những cuốn sách hay nên đọc trong đời,"Xổ số trực tuyến uy tín, chơi là trúng",1
Những cuốn sách hay nên đọc trong đời,"Tăng follow Facebook giá rẻ, liên hệ zalo 0909123456",1
"Hôm nay trời thật đẹp, ai đi chơi không?","Kiếm tiền online tại nhà dễ dàng, đăng ký ngay tại http://kiemtiennhanh.com",1
Chia sẻ cách học tiếng Anh hiệu quả,Click vào đây để nhận 1000$ miễn phí!!!,1
Chia sẻ cách học tiếng Anh hiệu quả,"Đăng ký khóa học làm giàu, đảm bảo thành công 100%",1
Chia sẻ cách học tiếng Anh hiệu quả,"Đầu tư coin lợi nhuận cao, cam kết lãi 20%/tháng",1
Những cuốn sách hay nên đọc trong đời,Đây là một chủ đề rất thú vị để thảo luận,0
"Hôm nay trời thật đẹp, ai đi chơi không?",Ai có thể giúp mình giải bài tập toán này không?,0
Cùng nhau thảo luận về trí tuệ nhân tạo,Ai có thể giúp mình giải bài tập toán này không?,0
Cập nhật tin tức nóng hổi trong ngày,Xem phim nóng miễn phí tại xxx.com,1
Tin bóng đá mới nhất hôm nay,Mình đồng ý với quan điểm trong bài viết,0
Cùng nhau thảo luận về trí tuệ nhân tạo,"Trời hôm nay thật đẹp, đi chơi thôi",0
Tin bóng đá mới nhất hôm nay,"Trời hôm nay thật đẹp, đi chơi thôi",0
Chia sẻ cách học tiếng Anh hiệu quả,"Món ăn này nhìn ngon quá, muốn thử ngay",0
Cùng nhau thảo luận về trí tuệ nhân tạo,Mình đồng ý với quan điểm trong bài viết,0
Chia sẻ kinh nghiệm học lập trình Python,"Đầu tư coin lợi nhuận cao, cam kết lãi 20%/tháng",1
Tin bóng đá mới nhất hôm nay,"Bài viết này rất hay và bổ ích, cảm ơn tác giả",0
Chia sẻ kinh nghiệm học lập trình Python,"Bài viết này rất hay và bổ ích, cảm ơn tác giả",0
Cùng nhau thảo luận về trí tuệ nhân tạo,Xem phim nóng miễn phí tại xxx.com,1
Cập nhật tin tức nóng hổi trong ngày,Ai có thể giúp mình giải bài tập toán này không?,0
Chia sẻ kinh nghiệm học lập trình Python,"Trời hôm nay thật đẹp, đi chơi thôi",0
Những cuốn sách hay nên đọc trong đời,"Xổ số trực tuyến uy tín, chơi là trúng",1
Ai có kinh nghiệm du lịch Đà Lạt cho mình xin,Đây là một chủ đề rất thú vị để thảo luận,0
Tin bóng đá mới nhất hôm nay,"Đăng ký khóa học làm giàu, đảm bảo thành công 100%",1
Món ăn ngon dễ làm tại nhà,"Hôm qua mình vừa xem phim này, cực kỳ cảm động",0
Tin bóng đá mới nhất hôm nay,"Hôm qua mình vừa xem phim này, cực kỳ cảm động",0
Cùng nhau thảo luận về trí tuệ nhân tạo,"Đầu tư coin lợi nhuận cao, cam kết lãi 20%/tháng",1
Ai có kinh nghiệm du lịch Đà Lạt cho mình xin,"Món ăn này nhìn ngon quá, muốn thử ngay",0
"Hôm nay trời thật đẹp, ai đi chơi không?",Đây là một chủ đề rất thú vị để thảo luận,0
Cùng nhau thảo luận về trí tuệ nhân tạo,Mình đồng ý với quan điểm trong bài viết,0
Cập nhật tin tức nóng hổi trong ngày,Ai có thể giúp mình giải bài tập toán này không?,0
Chia sẻ cách học tiếng Anh hiệu quả,"Xổ số trực tuyến uy tín, chơi là trúng",1
Chia sẻ kinh nghiệm học lập trình Python,"Đầu tư coin lợi nhuận cao, cam kết lãi 20%/tháng",1
Cùng nhau thảo luận về trí tuệ nhân tạo,Mình đã thử cách này và thành công rồi,0
Cập nhật tin tức nóng hổi trong ngày,Chúc mọi người một ngày vui vẻ và hạnh phúc,0
Cập nhật tin tức nóng hổi trong ngày,Đây là một chủ đề rất thú vị để thảo luận,0
Ai có kinh nghiệm du lịch Đà Lạt cho mình xin,"Thuốc giảm cân an toàn, hiệu quả, inbox để biết thêm chi tiết",1
Món ăn ngon dễ làm tại nhà,Click vào đây để nhận 1000$ miễn phí!!!,1
Chia sẻ cách học tiếng Anh hiệu quả,Xem phim nóng miễn phí tại xxx.com,1
Tin bóng đá mới nhất hôm nay,"Đăng ký khóa học làm giàu, đảm bảo thành công 100%",1
Ai có kinh nghiệm du lịch Đà Lạt cho mình xin,Click vào đây để nhận 1000$ miễn phí!!!,1
Chia sẻ cách học tiếng Anh hiệu quả,Đây là một chủ đề rất thú vị để thảo luận,0
Ai có kinh nghiệm du lịch Đà Lạt cho mình xin,"Món ăn này nhìn ngon quá, muốn thử ngay",0
Cách giảm stress hiệu quả khi làm việc,Click vào đây để nhận 1000$ miễn phí!!!,1
Chia sẻ kinh nghiệm học lập trình Python,Bạn nào có tài liệu môn AI cho mình xin với,0
Cập nhật tin tức nóng hổi trong ngày,"Bài viết này rất hay và bổ ích, cảm ơn tác giả",0
Món ăn ngon dễ làm tại nhà,Mình đã thử cách này và thành công rồi,0
Chia sẻ cách học tiếng Anh hiệu quả,"Trời hôm nay thật đẹp, đi chơi thôi",0
Chia sẻ kinh nghiệm học lập trình Python,"Kiếm tiền online tại nhà dễ dàng, đăng ký ngay tại http://kiemtiennhanh.com",1
Món ăn ngon dễ làm tại nhà,"Hôm qua mình vừa xem phim này, cực kỳ cảm động",0
Cập nhật tin tức nóng hổi trong ngày,"Thuốc giảm cân an toàn, hiệu quả, inbox để biết thêm chi tiết",1
Chia sẻ kinh nghiệm học lập trình Python,"Đăng ký khóa học làm giàu, đảm bảo thành công 100%",1
Cùng nhau thảo luận về trí tuệ nhân tạo,"Hôm qua mình vừa xem phim này, cực kỳ cảm động",0
Chia sẻ kinh nghiệm học lập trình Python,"Đầu tư coin lợi nhuận cao, cam kết lãi 20%/tháng",1
Tin bóng đá mới nhất hôm nay,"Bài viết này rất hay và bổ ích, cảm ơn tác giả",0
"Hôm nay trời thật đẹp, ai đi chơi không?",Ai có thể giúp mình giải bài tập toán này không?,0
Cập nhật tin tức nóng hổi trong ngày,Mình đồng ý với quan điểm trong bài viết,0
Cập nhật tin tức nóng hổi trong ngày,"Xổ số trực tuyến uy tín, chơi là trúng",1
Cập nhật tin tức nóng hổi trong ngày,"Bài viết này rất hay và bổ ích, cảm ơn tác giả",0
Cập nhật tin tức nóng hổi trong ngày,"Đăng ký khóa học làm giàu, đảm bảo thành công 100%",1
Những cuốn sách hay nên đọc trong đời,"Đăng ký khóa học làm giàu, đảm bảo thành công 100%",1
Ai có kinh nghiệm du lịch Đà Lạt cho mình xin,"Hôm qua mình vừa xem phim này, cực kỳ cảm động",0
Cập nhật tin tức nóng hổi trong ngày,"Mua ngay iPhone 15 giá rẻ chỉ 5 triệu, liên hệ 0123456789",1
Cách giảm stress hiệu quả khi làm việc,Click vào đây để nhận 1000$ miễn phí!!!,1
"Hôm nay trời thật đẹp, ai đi chơi không?","Thuốc giảm cân an toàn, hiệu quả, inbox để biết thêm chi tiết",1
"Hôm nay trời thật đẹp, ai đi chơi không?","Đầu tư coin lợi nhuận cao, cam kết lãi 20%/tháng",1
Chia sẻ cách học tiếng Anh hiệu quả,Mình đã thử cách này và thành công rồi,0
Món ăn ngon dễ làm tại nhà,"Bài viết này rất hay và bổ ích, cảm ơn tác giả",0
Chia sẻ cách học tiếng Anh hiệu quả,"Cho vay tiền nhanh, thủ tục đơn giản, lãi suất thấp, gọi ngay 0987654321",1
Cùng nhau thảo luận về trí tuệ nhân tạo,"Tăng follow Facebook giá rẻ, liên hệ zalo 0909123456",1
Ai có kinh nghiệm du lịch Đà Lạt cho mình xin,"Đầu tư coin lợi nhuận cao, cam kết lãi 20%/tháng",1
Chia sẻ cách học tiếng Anh hiệu quả,Ai có thể giúp mình giải bài tập toán này không?,0
"Hôm nay trời thật đẹp, ai đi chơi không?","Mua ngay iPhone 15 giá rẻ chỉ 5 triệu, liên hệ 0123456789",1
Món ăn ngon dễ làm tại nhà,"Xổ số trực tuyến uy tín, chơi là trúng",1
Cách giảm stress hiệu quả khi làm việc,Bạn nào có tài liệu môn AI cho mình xin với,0
Những cuốn sách hay nên đọc trong đời,Mình đã thử cách này và thành công rồi,0
Món ăn ngon dễ làm tại nhà,"Bài viết này rất hay và bổ ích, cảm ơn tác giả",0
Món ăn ngon dễ làm tại nhà,Bạn nào có tài liệu môn AI cho mình xin với,0
"Hôm nay trời thật đẹp, ai đi chơi không?","Hôm qua mình vừa xem phim này, cực kỳ cảm động",0
Chia sẻ cách học tiếng Anh hiệu quả,Chúc mọi người một ngày vui vẻ và hạnh phúc,0
Ai có kinh nghiệm du lịch Đà Lạt cho mình xin,"Mua ngay iPhone 15 giá rẻ chỉ 5 triệu, liên hệ 0123456789",1
"Hôm nay trời thật đẹp, ai đi chơi không?",Mình đã thử cách này và thành công rồi,0
"Hôm nay trời thật đẹp, ai đi chơi không?","Món ăn này nhìn ngon quá, muốn thử ngay",0
Những cuốn sách hay nên đọc trong đời,"Đầu tư coin lợi nhuận cao, cam kết lãi 20%/tháng",1
Món ăn ngon dễ làm tại nhà,"Xổ số trực tuyến uy tín, chơi là trúng",1
"Hôm nay trời thật đẹp, ai đi chơi không?","Món ăn này nhìn ngon quá, muốn thử ngay",0
Cách giảm stress hiệu quả khi làm việc,Mình đã thử cách này và thành công rồi,0
Cách giảm stress hiệu quả khi làm việc,Bạn nào có tài liệu môn AI cho mình xin với,0
Chia sẻ kinh nghiệm học lập trình Python,"Đầu tư coin lợi nhuận cao, cam kết lãi 20%/tháng",1
Tin bóng đá mới nhất hôm nay,Bạn nào có tài liệu môn AI cho mình xin với,0
Món ăn ngon dễ làm tại nhà,"Tăng follow Facebook giá rẻ, liên hệ zalo 0909123456",1
Cập nhật tin tức nóng hổi trong ngày,Bạn nào có tài liệu môn AI cho mình xin với,0
Chia sẻ cách học tiếng Anh hiệu quả,"Trời hôm nay thật đẹp, đi chơi thôi",0
Món ăn ngon dễ làm tại nhà,"Đăng ký khóa học làm giàu, đảm bảo thành công 100%",1
"Hôm nay trời thật đẹp, ai đi chơi không?","Cho vay tiền nhanh, thủ tục đơn giản, lãi suất thấp, gọi ngay 0987654321",1
"Hôm nay trời thật đẹp, ai đi chơi không?",Chúc mọi người một ngày vui vẻ và hạnh phúc,0
Chia sẻ kinh nghiệm học lập trình Python,"Mua ngay iPhone 15 giá rẻ chỉ 5 triệu, liên hệ 0123456789",1
Chia sẻ kinh nghiệm học lập trình Python,"Kiếm tiền online tại nhà dễ dàng, đăng ký ngay tại http://kiemtiennhanh.com",1
Tin bóng đá mới nhất hôm nay,"Mua ngay iPhone 15 giá rẻ chỉ 5 triệu, liên hệ 0123456789",1
Cùng nhau thảo luận về trí tuệ nhân tạo,Ai có thể giúp mình giải bài tập toán này không?,0
Chia sẻ cách học tiếng Anh hiệu quả,"Kiếm tiền online tại nhà dễ dàng, đăng ký ngay tại http://kiemtiennhanh.com",1
Ai có kinh nghiệm du lịch Đà Lạt cho mình xin,"Thuốc giảm cân an toàn, hiệu quả, inbox để biết thêm chi tiết",1
Cùng nhau thảo luận về trí tuệ nhân tạo,Đây là một chủ đề rất thú vị để thảo luận,0
Cách giảm stress hiệu quả khi làm việc,"Đăng ký khóa học làm giàu, đảm bảo thành công 100%",1
Cập nhật tin tức nóng hổi trong ngày,Ai có thể giúp mình giải bài tập toán này không?,0
Món ăn ngon dễ làm tại nhà,Mình đã thử cách này và thành công rồi,0
Cập nhật tin tức nóng hổi trong ngày,Ai có thể giúp mình giải bài tập toán này không?,0
Tin bóng đá mới nhất hôm nay,"Đăng ký khóa học làm giàu, đảm bảo thành công 100%",1
Chia sẻ cách học tiếng Anh hiệu quả,"Tăng follow Facebook giá rẻ, liên hệ zalo 0909123456",1
Cùng nhau thảo luận về trí tuệ nhân tạo,Click vào đây để nhận 1000$ miễn phí!!!,1
Chia sẻ kinh nghiệm học lập trình Python,"Kiếm tiền online tại nhà dễ dàng, đăng ký ngay tại http://kiemtiennhanh.com",1
"Hôm nay trời thật đẹp, ai đi chơi không?",Mình đã thử cách này và thành công rồi,0
Cùng nhau thảo luận về trí tuệ nhân tạo,Mình đã thử cách này và thành công rồi,0
Ai có kinh nghiệm du lịch Đà Lạt cho mình xin,"Đăng ký khóa học làm giàu, đảm bảo thành công 100%",1
Tin bóng đá mới nhất hôm nay,Mình đồng ý với quan điểm trong bài viết,0
Cập nhật tin tức nóng hổi trong ngày,"Đầu tư coin lợi nhuận cao, cam kết lãi 20%/tháng",1
Những cuốn sách hay nên đọc trong đời,"Cho vay tiền nhanh, thủ tục đơn giản, lãi suất thấp, gọi ngay 0987654321",1
Cùng nhau thảo luận về trí tuệ nhân tạo,"Xổ số trực tuyến uy tín, chơi là trúng",1
Cách giảm stress hiệu quả khi làm việc,"Hôm qua mình vừa xem phim này, cực kỳ cảm động",0
"Hôm nay trời thật đẹp, ai đi chơi không?","Xổ số trực tuyến uy tín, chơi là trúng",1
Những cuốn sách hay nên đọc trong đời,Đây là một chủ đề rất thú vị để thảo luận,0
Ai có kinh nghiệm du lịch Đà Lạt cho mình xin,"Bài viết này rất hay và bổ ích, cảm ơn tác giả",0
Cập nhật tin tức nóng hổi trong ngày,Bạn nào có tài liệu môn AI cho mình xin với,0
Cách giảm stress hiệu quả khi làm việc,"Trời hôm nay thật đẹp, đi chơi thôi",0
Những cuốn sách hay nên đọc trong đời,Đây là một chủ đề rất thú vị để thảo luận,0
Ai có kinh nghiệm du lịch Đà Lạt cho mình xin,"Kiếm tiền online tại nhà dễ dàng, đăng ký ngay tại http://kiemtiennhanh.com",1
Ai có kinh nghiệm du lịch Đà Lạt cho mình xin,"Món ăn này nhìn ngon quá, muốn thử ngay",0
Chia sẻ cách học tiếng Anh hiệu quả,Click vào đây để nhận 1000$ miễn phí!!!,1
Cập nhật tin tức nóng hổi trong ngày,"Mua ngay iPhone 15 giá rẻ chỉ 5 triệu, liên hệ 0123456789",1
Chia sẻ cách học tiếng Anh hiệu quả,"Cho vay tiền nhanh, thủ tục đơn giản, lãi suất thấp, gọi ngay 0987654321",1
Cùng nhau thảo luận về trí tuệ nhân tạo,"Đăng ký khóa học làm giàu, đảm bảo thành công 100%",1
Tin bóng đá mới nhất hôm nay,"Tăng follow Facebook giá rẻ, liên hệ zalo 0909123456",1
Ai có kinh nghiệm du lịch Đà Lạt cho mình xin,"Mua ngay iPhone 15 giá rẻ chỉ 5 triệu, liên hệ 0123456789",1
Chia sẻ cách học tiếng Anh hiệu quả,Bạn nào có tài liệu môn AI cho mình xin với,0
Cập nhật tin tức nóng hổi trong ngày,"Mua ngay iPhone 15 giá rẻ chỉ 5 triệu, liên hệ 0123456789",1
Cách giảm stress hiệu quả khi làm việc,"Tăng follow Facebook giá rẻ, liên hệ zalo 0909123456",1
Món ăn ngon dễ làm tại nhà,"Hôm qua mình vừa xem phim này, cực kỳ cảm động",0
Chia sẻ kinh nghiệm học lập trình Python,"Tăng follow Facebook giá rẻ, liên hệ zalo 0909123456",1
Chia sẻ cách học tiếng Anh hiệu quả,"Bài viết này rất hay và bổ ích, cảm ơn tác giả",0
Tin bóng đá mới nhất hôm nay,Click vào đây để nhận 1000$ miễn phí!!!,1
Cách giảm stress hiệu quả khi làm việc,"Món ăn này nhìn ngon quá, muốn thử ngay",0
Những cuốn sách hay nên đọc trong đời,"Đăng ký khóa học làm giàu, đảm bảo thành công 100%",1
Cập nhật tin tức nóng hổi trong ngày,"Bài viết này rất hay và bổ ích, cảm ơn tác giả",0
Chia sẻ kinh nghiệm học lập trình Python,Click vào đây để nhận 1000$ miễn phí!!!,1
"Hôm nay trời thật đẹp, ai đi chơi không?","Món ăn này nhìn ngon quá, muốn thử ngay",0
Món ăn ngon dễ làm tại nhà,Đây là một chủ đề rất thú vị để thảo luận,0
Tin bóng đá mới nhất hôm nay,Mình đã thử cách này và thành công rồi,0
Cập nhật tin tức nóng hổi trong ngày,"Đăng ký khóa học làm giàu, đảm bảo thành công 100%",1
Cùng nhau thảo luận về trí tuệ nhân tạo,"Thuốc giảm cân an toàn, hiệu quả, inbox để biết thêm chi tiết",1
Chia sẻ kinh nghiệm học lập trình Python,"Cho vay tiền nhanh, thủ tục đơn giản, lãi suất thấp, gọi ngay 0987654321",1
Những cuốn sách hay nên đọc trong đời,Mình đã thử cách này và thành công rồi,0
Ai có kinh nghiệm du lịch Đà Lạt cho mình xin,"Tăng follow Facebook giá rẻ, liên hệ zalo 0909123456",1
Chia sẻ cách học tiếng Anh hiệu quả,"Hôm qua mình vừa xem phim này, cực kỳ cảm động",0
"Hôm nay trời thật đẹp, ai đi chơi không?","Đăng ký khóa học làm giàu, đảm bảo thành công 100%",1
Tin bóng đá mới nhất hôm nay,"Món ăn này nhìn ngon quá, muốn thử ngay",0
Cập nhật tin tức nóng hổi trong ngày,Mình đồng ý với quan điểm trong bài viết,0
Chia sẻ kinh nghiệm học lập trình Python,Chúc mọi người một ngày vui vẻ và hạnh phúc,0
Tin bóng đá mới nhất hôm nay,Mình đã thử cách này và thành công rồi,0
Cùng nhau thảo luận về trí tuệ nhân tạo,Click vào đây để nhận 1000$ miễn phí!!!,1
Cập nhật tin tức nóng hổi trong ngày,Mình đồng ý với quan điểm trong bài viết,0
Chia sẻ kinh nghiệm học lập trình Python,Click vào đây để nhận 1000$ miễn phí!!!,1
Cách giảm stress hiệu quả khi làm việc,"Bài viết này rất hay và bổ ích, cảm ơn tác giả",0
Món ăn ngon dễ làm tại nhà,"Cho vay tiền nhanh, thủ tục đơn giản, lãi suất thấp, gọi ngay 0987654321",1
Chia sẻ cách học tiếng Anh hiệu quả,Mình đồng ý với quan điểm trong bài viết,0
Chia sẻ cách học tiếng Anh hiệu quả,"Cho vay tiền nhanh, thủ tục đơn giản, lãi suất thấp, gọi ngay 0987654321",1
Cách giảm stress hiệu quả khi làm việc,Mình đồng ý với quan điểm trong bài viết,0
Chia sẻ kinh nghiệm học lập trình Python,"Kiếm tiền online tại nhà dễ dàng, đăng ký ngay tại http://kiemtiennhanh.com",1
Cập nhật tin tức nóng hổi trong ngày,"Kiếm tiền online tại nhà dễ dàng, đăng ký ngay tại http://kiemtiennhanh.com",1
Ai có kinh nghiệm du lịch Đà Lạt cho mình xin,"Hôm qua mình vừa xem phim này, cực kỳ cảm động",0
Những cuốn sách hay nên đọc trong đời,Mình đã thử cách này và thành công rồi,0
Chia sẻ kinh nghiệm học lập trình Python,"Trời hôm nay thật đẹp, đi chơi thôi",0
Chia sẻ cách học tiếng Anh hiệu quả,"Mua ngay iPhone 15 giá rẻ chỉ 5 triệu, liên hệ 0123456789",1
"Hôm nay trời thật đẹp, ai đi chơi không?","Đầu tư coin lợi nhuận cao, cam kết lãi 20%/tháng",1
Tin bóng đá mới nhất hôm nay,Bạn nào có tài liệu môn AI cho mình xin với,0
Cập nhật tin tức nóng hổi trong ngày,Đây là một chủ đề rất thú vị để thảo luận,0
Cập nhật tin tức nóng hổi trong ngày,Ai có thể giúp mình giải bài tập toán này không?,0
Món ăn ngon dễ làm tại nhà,Mình đã thử cách này và thành công rồi,0
Món ăn ngon dễ làm tại nhà,Ai có thể giúp mình giải bài tập toán này không?,0
Chia sẻ kinh nghiệm học lập trình Python,"Cho vay tiền nhanh, thủ tục đơn giản, lãi suất thấp, gọi ngay 0987654321",1
Ai có kinh nghiệm du lịch Đà Lạt cho mình xin,Chúc mọi người một ngày vui vẻ và hạnh phúc,0
Những cuốn sách hay nên đọc trong đời,Bạn nào có tài liệu môn AI cho mình xin với,0
Chia sẻ kinh nghiệm học lập trình Python,"Kiếm tiền online tại nhà dễ dàng, đăng ký ngay tại http://kiemtiennhanh.com",1
Cập nhật tin tức nóng hổi trong ngày,"Thuốc giảm cân an toàn, hiệu quả, inbox để biết thêm chi tiết",1
Ai có kinh nghiệm du lịch Đà Lạt cho mình xin,"Bài viết này rất hay và bổ ích, cảm ơn tác giả",0
Ai có kinh nghiệm du lịch Đà Lạt cho mình xin,"Thuốc giảm cân an toàn, hiệu quả, inbox để biết thêm chi tiết",1
Cập nhật tin tức nóng hổi trong ngày,Ai có thể giúp mình giải bài tập toán này không?,0
Chia sẻ kinh nghiệm học lập trình Python,Mình đồng ý với quan điểm trong bài viết,0
"Hôm nay trời thật đẹp, ai đi chơi không?",Click vào đây để nhận 1000$ miễn phí!!!,1
Cập nhật tin tức nóng hổi trong ngày,Ai có thể giúp mình giải bài tập toán này không?,0
Cập nhật tin tức nóng hổi trong ngày,"Thuốc giảm cân an toàn, hiệu quả, inbox để biết thêm chi tiết",1
Ai có kinh nghiệm du lịch Đà Lạt cho mình xin,Click vào đây để nhận 1000$ miễn phí!!!,1
Những cuốn sách hay nên đọc trong đời,"Món ăn này nhìn ngon quá, muốn thử ngay",0
Tin bóng đá mới nhất hôm nay,"Bài viết này rất hay và bổ ích, cảm ơn tác giả",0
Cách giảm stress hiệu quả khi làm việc,Bạn nào có tài liệu môn AI cho mình xin với,0
Ai có kinh nghiệm du lịch Đà Lạt cho mình xin,"Thuốc giảm cân an toàn, hiệu quả, inbox để biết thêm chi tiết",1
"Hôm nay trời thật đẹp, ai đi chơi không?",Chúc mọi người một ngày vui vẻ và hạnh phúc,0
Cách giảm stress hiệu quả khi làm việc,Đây là một chủ đề rất thú vị để thảo luận,0
Cách giảm stress hiệu quả khi làm việc,Đây là một chủ đề rất thú vị để thảo luận,0
"Hôm nay trời thật đẹp, ai đi chơi không?",Ai có thể giúp mình giải bài tập toán này không?,0
Chia sẻ cách học tiếng Anh hiệu quả,Ai có thể giúp mình giải bài tập toán này không?,0
Chia sẻ kinh nghiệm học lập trình Python,"Món ăn này nhìn ngon quá, muốn thử ngay",0
Tin bóng đá mới nhất hôm nay,Bạn nào có tài liệu môn AI cho mình xin với,0
Chia sẻ cách học tiếng Anh hiệu quả,Xem phim nóng miễn phí tại xxx.com,1
Ai có kinh nghiệm du lịch Đà Lạt cho mình xin,"Tăng follow Facebook giá rẻ, liên hệ zalo 0909123456",1
Món ăn ngon dễ làm tại nhà,"Đầu tư coin lợi nhuận cao, cam kết lãi 20%/tháng",1
Chia sẻ kinh nghiệm học lập trình Python,"Đầu tư coin lợi nhuận cao, cam kết lãi 20%/tháng",1
Món ăn ngon dễ làm tại nhà,Bạn nào có tài liệu môn AI cho mình xin với,0
Chia sẻ cách học tiếng Anh hiệu quả,"Xổ số trực tuyến uy tín, chơi là trúng",1
Món ăn ngon dễ làm tại nhà,Bạn nào có tài liệu môn AI cho mình xin với,0
Chia sẻ kinh nghiệm học lập trình Python,"Hôm qua mình vừa xem phim này, cực kỳ cảm động",0
Ai có kinh nghiệm du lịch Đà Lạt cho mình xin,"Xổ số trực tuyến uy tín, chơi là trúng",1
Những cuốn sách hay nên đọc trong đời,"Đầu tư coin lợi nhuận cao, cam kết lãi 20%/tháng",1
Ai có kinh nghiệm du lịch Đà Lạt cho mình xin,Chúc mọi người một ngày vui vẻ và hạnh phúc,0
Cập nhật tin tức nóng hổi trong ngày,"Xổ số trực tuyến uy tín, chơi là trúng",1
Chia sẻ kinh nghiệm học lập trình Python,Xem phim nóng miễn phí tại xxx.com,1
Cách giảm stress hiệu quả khi làm việc,"Kiếm tiền online tại nhà dễ dàng, đăng ký ngay tại http://kiemtiennhanh.com",1
Chia sẻ kinh nghiệm học lập trình Python,"Cho vay tiền nhanh, thủ tục đơn giản, lãi suất thấp, gọi ngay 0987654321",1
Ai có kinh nghiệm du lịch Đà Lạt cho mình xin,"Xổ số trực tuyến uy tín, chơi là trúng",1
Cập nhật tin tức nóng hổi trong ngày,Chúc mọi người một ngày vui vẻ và hạnh phúc,0
Chia sẻ cách học tiếng Anh hiệu quả,"Xổ số trực tuyến uy tín, chơi là trúng",1
Chia sẻ cách học tiếng Anh hiệu quả,"Tăng follow Facebook giá rẻ, liên hệ zalo 0909123456",1
"Hôm nay trời thật đẹp, ai đi chơi không?","Xổ số trực tuyến uy tín, chơi là trúng",1
Ai có kinh nghiệm du lịch Đà Lạt cho mình xin,"Kiếm tiền online tại nhà dễ dàng, đăng ký ngay tại http://kiemtiennhanh.com",1
Cách giảm stress hiệu quả khi làm việc,Ai có thể giúp mình giải bài tập toán này không?,0
Món ăn ngon dễ làm tại nhà,"Xổ số trực tuyến uy tín, chơi là trúng",1
Cách giảm stress hiệu quả khi làm việc,Ai có thể giúp mình giải bài tập toán này không?,0
Cùng nhau thảo luận về trí tuệ nhân tạo,Click vào đây để nhận 1000$ miễn phí!!!,1
Cách giảm stress hiệu quả khi làm việc,"Xổ số trực tuyến uy tín, chơi là trúng",1
Cùng nhau thảo luận về trí tuệ nhân tạo,"Đăng ký khóa học làm giàu, đảm bảo thành công 100%",1
Chia sẻ kinh nghiệm học lập trình Python,Mình đồng ý với quan điểm trong bài viết,0
Chia sẻ cách học tiếng Anh hiệu quả,"Hôm qua mình vừa xem phim này, cực kỳ cảm động",0
"Hôm nay trời thật đẹp, ai đi chơi không?",Xem phim nóng miễn phí tại xxx.com,1
Những cuốn sách hay nên đọc trong đời,Chúc mọi người một ngày vui vẻ và hạnh phúc,0
Món ăn ngon dễ làm tại nhà,"Đầu tư coin lợi nhuận cao, cam kết lãi 20%/tháng",1
Cập nhật tin tức nóng hổi trong ngày,"Món ăn này nhìn ngon quá, muốn thử ngay",0
Món ăn ngon dễ làm tại nhà,Đây là một chủ đề rất thú vị để thảo luận,0
Cách giảm stress hiệu quả khi làm việc,Bạn nào có tài liệu môn AI cho mình xin với,0
"Hôm nay trời thật đẹp, ai đi chơi không?",Bạn nào có tài liệu môn AI cho mình xin với,0
Cập nhật tin tức nóng hổi trong ngày,"Đăng ký khóa học làm giàu, đảm bảo thành công 100%",1
Cùng nhau thảo luận về trí tuệ nhân tạo,"Tăng follow Facebook giá rẻ, liên hệ zalo 0909123456",1
Cách giảm stress hiệu quả khi làm việc,Click vào đây để nhận 1000$ miễn phí!!!,1
Cùng nhau thảo luận về trí tuệ nhân tạo,"Kiếm tiền online tại nhà dễ dàng, đăng ký ngay tại http://kiemtiennhanh.com",1
Cách giảm stress hiệu quả khi làm việc,Đây là một chủ đề rất thú vị để thảo luận,0
Cách giảm stress hiệu quả khi làm việc,"Trời hôm nay thật đẹp, đi chơi thôi",0
Cách giảm stress hiệu quả khi làm việc,"Món ăn này nhìn ngon quá, muốn thử ngay",0
Ai có kinh nghiệm du lịch Đà Lạt cho mình xin,"Cho vay tiền nhanh, thủ tục đơn giản, lãi suất thấp, gọi ngay 0987654321",1
Những cuốn sách hay nên đọc trong đời,Xem phim nóng miễn phí tại xxx.com,1
"Hôm nay trời thật đẹp, ai đi chơi không?",Bạn nào có tài liệu môn AI cho mình xin với,0
Chia sẻ cách học tiếng Anh hiệu quả,"Trời hôm nay thật đẹp, đi chơi thôi",0
Ai có kinh nghiệm du lịch Đà Lạt cho mình xin,"Đầu tư coin lợi nhuận cao, cam kết lãi 20%/tháng",1
Món ăn ngon dễ làm tại nhà,"Đầu tư coin lợi nhuận cao, cam kết lãi 20%/tháng",1
Món ăn ngon dễ làm tại nhà,"Đăng ký khóa học làm giàu, đảm bảo thành công 100%",1
"Hôm nay trời thật đẹp, ai đi chơi không?","Đầu tư coin lợi nhuận cao, cam kết lãi 20%/tháng",1
Tin bóng đá mới nhất hôm nay,Mình đã thử cách này và thành công rồi,0
Cùng nhau thảo luận về trí tuệ nhân tạo,"Hôm qua mình vừa xem phim này, cực kỳ cảm động",0
Chia sẻ kinh nghiệm học lập trình Python,"Xổ số trực tuyến uy tín, chơi là trúng",1
Chia sẻ kinh nghiệm học lập trình Python,Chúc mọi người một ngày vui vẻ và hạnh phúc,0
Cách giảm stress hiệu quả khi làm việc,Chúc mọi người một ngày vui vẻ và hạnh phúc,0
Ai có kinh nghiệm du lịch Đà Lạt cho mình xin,"Mua ngay iPhone 15 giá rẻ chỉ 5 triệu, liên hệ 0123456789",1
Cách giảm stress hiệu quả khi làm việc,Mình đồng ý với quan điểm trong bài viết,0
Tin bóng đá mới nhất hôm nay,"Xổ số trực tuyến uy tín, chơi là trúng",1
Những cuốn sách hay nên đọc trong đời,"Hôm qua mình vừa xem phim này, cực kỳ cảm động",0
Cập nhật tin tức nóng hổi trong ngày,"Hôm qua mình vừa xem phim này, cực kỳ cảm động",0
Cùng nhau thảo luận về trí tuệ nhân tạo,Mình đồng ý với quan điểm trong bài viết,0
Chia sẻ cách học tiếng Anh hiệu quả,"Xổ số trực tuyến uy tín, chơi là trúng",1
Chia sẻ kinh nghiệm học lập trình Python,"Hôm qua mình vừa xem phim này, cực kỳ cảm động",0
Tin bóng đá mới nhất hôm nay,Click vào đây để nhận 1000$ miễn phí!!!,1
Cách giảm stress hiệu quả khi làm việc,"Đăng ký khóa học làm giàu, đảm bảo thành công 100%",1
"Hôm nay trời thật đẹp, ai đi chơi không?","Tăng follow Facebook giá rẻ, liên hệ zalo 0909123456",1
Chia sẻ cách học tiếng Anh hiệu quả,Chúc mọi người một ngày vui vẻ và hạnh phúc,0
Chia sẻ kinh nghiệm học lập trình Python,"Đăng ký khóa học làm giàu, đảm bảo thành công 100%",1
Những cuốn sách hay nên đọc trong đời,Ai có thể giúp mình giải bài tập toán này không?,0
Chia sẻ cách học tiếng Anh hiệu quả,"Bài viết này rất hay và bổ ích, cảm ơn tác giả",0
Cập nhật tin tức nóng hổi trong ngày,Mình đã thử cách này và thành công rồi,0
Những cuốn sách hay nên đọc trong đời,Xem phim nóng miễn phí tại xxx.com,1
Chia sẻ kinh nghiệm học lập trình Python,Chúc mọi người một ngày vui vẻ và hạnh phúc,0
Tin bóng đá mới nhất hôm nay,"Đầu tư coin lợi nhuận cao, cam kết lãi 20%/tháng",1
Tin bóng đá mới nhất hôm nay,"Hôm qua mình vừa xem phim này, cực kỳ cảm động",0
Tin bóng đá mới nhất hôm nay,Chúc mọi người một ngày vui vẻ và hạnh phúc,0
Ai có kinh nghiệm du lịch Đà Lạt cho mình xin,Bạn nào có tài liệu môn AI cho mình xin với,0
Chia sẻ kinh nghiệm học lập trình Python,Ai có thể giúp mình giải bài tập toán này không?,0
Chia sẻ kinh nghiệm học lập trình Python,Xem phim nóng miễn phí tại xxx.com,1
"Hôm nay trời thật đẹp, ai đi chơi không?","Thuốc giảm cân an toàn, hiệu quả, inbox để biết thêm chi tiết",1
Món ăn ngon dễ làm tại nhà,"Đăng ký khóa học làm giàu, đảm bảo thành công 100%",1
Ai có kinh nghiệm du lịch Đà Lạt cho mình xin,"Bài viết này rất hay và bổ ích, cảm ơn tác giả",0
Cập nhật tin tức nóng hổi trong ngày,Click vào đây để nhận 1000$ miễn phí!!!,1
Ai có kinh nghiệm du lịch Đà Lạt cho mình xin,"Đăng ký khóa học làm giàu, đảm bảo thành công 100%",1
"Hôm nay trời thật đẹp, ai đi chơi không?",Đây là một chủ đề rất thú vị để thảo luận,0
Những cuốn sách hay nên đọc trong đời,"Mua ngay iPhone 15 giá rẻ chỉ 5 triệu, liên hệ 0123456789",1
Cùng nhau thảo luận về trí tuệ nhân tạo,Ai có thể giúp mình giải bài tập toán này không?,0
Món ăn ngon dễ làm tại nhà,"Xổ số trực tuyến uy tín, chơi là trúng",1
Những cuốn sách hay nên đọc trong đời,Click vào đây để nhận 1000$ miễn phí!!!,1
Cập nhật tin tức nóng hổi trong ngày,"Hôm qua mình vừa xem phim này, cực kỳ cảm động",0
Chia sẻ cách học tiếng Anh hiệu quả,"Đầu tư coin lợi nhuận cao, cam kết lãi 20%/tháng",1
"Hôm nay trời thật đẹp, ai đi chơi không?","Món ăn này nhìn ngon quá, muốn thử ngay",0
Chia sẻ cách học tiếng Anh hiệu quả,Click vào đây để nhận 1000$ miễn phí!!!,1
Tin bóng đá mới nhất hôm nay,"Đầu tư coin lợi nhuận cao, cam kết lãi 20%/tháng",1
Những cuốn sách hay nên đọc trong đời,"Thuốc giảm cân an toàn, hiệu quả, inbox để biết thêm chi tiết",1
Những cuốn sách hay nên đọc trong đời,Mình đồng ý với quan điểm trong bài viết,0
Tin bóng đá mới nhất hôm nay,"Xổ số trực tuyến uy tín, chơi là trúng",1
Cùng nhau thảo luận về trí tuệ nhân tạo,"Đăng ký khóa học làm giàu, đảm bảo thành công 100%",1
Chia sẻ kinh nghiệm học lập trình Python,"Trời hôm nay thật đẹp, đi chơi thôi",0
Những cuốn sách hay nên đọc trong đời,"Mua ngay iPhone 15 giá rẻ chỉ 5 triệu, liên hệ 0123456789",1
Chia sẻ kinh nghiệm học lập trình Python,Click vào đây để nhận 1000$ miễn phí!!!,1
Cùng nhau thảo luận về trí tuệ nhân tạo,"Món ăn này nhìn ngon quá, muốn thử ngay",0
Cập nhật tin tức nóng hổi trong ngày,"Mua ngay iPhone 15 giá rẻ chỉ 5 triệu, liên hệ 0123456789",1
Ai có kinh nghiệm du lịch Đà Lạt cho mình xin,Click vào đây để nhận 1000$ miễn phí!!!,1
Những cuốn sách hay nên đọc trong đời,"Cho vay tiền nhanh, thủ tục đơn giản, lãi suất thấp, gọi ngay 0987654321",1
Những cuốn sách hay nên đọc trong đời,"Mua ngay iPhone 15 giá rẻ chỉ 5 triệu, liên hệ 0123456789",1
Cập nhật tin tức nóng hổi trong ngày,Đây là một chủ đề rất thú vị để thảo luận,0
Tin bóng đá mới nhất hôm nay,Ai có thể giúp mình giải bài tập toán này không?,0
Chia sẻ cách học tiếng Anh hiệu quả,"Bài viết này rất hay và bổ ích, cảm ơn tác giả",0
Cùng nhau thảo luận về trí tuệ nhân tạo,"Kiếm tiền online tại nhà dễ dàng, đăng ký ngay tại http://kiemtiennhanh.com",1
Tin bóng đá mới nhất hôm nay,Bạn nào có tài liệu môn AI cho mình xin với,0
Cách giảm stress hiệu quả khi làm việc,"Tăng follow Facebook giá rẻ, liên hệ zalo 0909123456",1
Ai có kinh nghiệm du lịch Đà Lạt cho mình xin,Bạn nào có tài liệu môn AI cho mình xin với,0
Cách giảm stress hiệu quả khi làm việc,"Món ăn này nhìn ngon quá, muốn thử ngay",0
Tin bóng đá mới nhất hôm nay,Đây là một chủ đề rất thú vị để thảo luận,0
Những cuốn sách hay nên đọc trong đời,Click vào đây để nhận 1000$ miễn phí!!!,1
Những cuốn sách hay nên đọc trong đời,"Hôm qua mình vừa xem phim này, cực kỳ cảm động",0
Tin bóng đá mới nhất hôm nay,"Món ăn này nhìn ngon quá, muốn thử ngay",0
Tin bóng đá mới nhất hôm nay,Ai có thể giúp mình giải bài tập toán này không?,0
"Hôm nay trời thật đẹp, ai đi chơi không?",Ai có thể giúp mình giải bài tập toán này không?,0
Tin bóng đá mới nhất hôm nay,Đây là một chủ đề rất thú vị để thảo luận,0
Cập nhật tin tức nóng hổi trong ngày,"Đầu tư coin lợi nhuận cao, cam kết lãi 20%/tháng",1
Cách giảm stress hiệu quả khi làm việc,Mình đồng ý với quan điểm trong bài viết,0
Chia sẻ cách học tiếng Anh hiệu quả,"Món ăn này nhìn ngon quá, muốn thử ngay",0
Cùng nhau thảo luận về trí tuệ nhân tạo,Mình đã thử cách này và thành công rồi,0
Món ăn ngon dễ làm tại nhà,"Trời hôm nay thật đẹp, đi chơi thôi",0
Chia sẻ cách học tiếng Anh hiệu quả,Click vào đây để nhận 1000$ miễn phí!!!,1
Món ăn ngon dễ làm tại nhà,"Bài viết này rất hay và bổ ích, cảm ơn tác giả",0
Chia sẻ cách học tiếng Anh hiệu quả,Click vào đây để nhận 1000$ miễn phí!!!,1
Chia sẻ kinh nghiệm học lập trình Python,"Trời hôm nay thật đẹp, đi chơi thôi",0
Chia sẻ kinh nghiệm học lập trình Python,Xem phim nóng miễn phí tại xxx.com,1
Những cuốn sách hay nên đọc trong đời,"Kiếm tiền online tại nhà dễ dàng, đăng ký ngay tại http://kiemtiennhanh.com",1
Cách giảm stress hiệu quả khi làm việc,"Kiếm tiền online tại nhà dễ dàng, đăng ký ngay tại http://kiemtiennhanh.com",1
Cùng nhau thảo luận về trí tuệ nhân tạo,Đây là một chủ đề rất thú vị để thảo luận,0
"Hôm nay trời thật đẹp, ai đi chơi không?","Cho vay tiền nhanh, thủ tục đơn giản, lãi suất thấp, gọi ngay 0987654321",1
Những cuốn sách hay nên đọc trong đời,"Kiếm tiền online tại nhà dễ dàng, đăng ký ngay tại http://kiemtiennhanh.com",1
Những cuốn sách hay nên đọc trong đời,"Đầu tư coin lợi nhuận cao, cam kết lãi 20%/tháng",1
Những cuốn sách hay nên đọc trong đời,"Hôm qua mình vừa xem phim này, cực kỳ cảm động",0
Cập nhật tin tức nóng hổi trong ngày,Click vào đây để nhận 1000$ miễn phí!!!,1
Những cuốn sách hay nên đọc trong đời,"Mua ngay iPhone 15 giá rẻ chỉ 5 triệu, liên hệ 0123456789",1
Cách giảm stress hiệu quả khi làm việc,"Đăng ký khóa học làm giàu, đảm bảo thành công 100%",1
Cập nhật tin tức nóng hổi trong ngày,"Tăng follow Facebook giá rẻ, liên hệ zalo 0909123456",1
Cùng nhau thảo luận về trí tuệ nhân tạo,"Đăng ký khóa học làm giàu, đảm bảo thành công 100%",1
Chia sẻ cách học tiếng Anh hiệu quả,"Món ăn này nhìn ngon quá, muốn thử ngay",0
Chia sẻ cách học tiếng Anh hiệu quả,"Thuốc giảm cân an toàn, hiệu quả, inbox để biết thêm chi tiết",1
Tin bóng đá mới nhất hôm nay,"Kiếm tiền online tại nhà dễ dàng, đăng ký ngay tại http://kiemtiennhanh.com",1
Những cuốn sách hay nên đọc trong đời,"Trời hôm nay thật đẹp, đi chơi thôi",0
Chia sẻ cách học tiếng Anh hiệu quả,"Đầu tư coin lợi nhuận cao, cam kết lãi 20%/tháng",1
Chia sẻ cách học tiếng Anh hiệu quả,"Hôm qua mình vừa xem phim này, cực kỳ cảm động",0
Những cuốn sách hay nên đọc trong đời,"Tăng follow Facebook giá rẻ, liên hệ zalo 0909123456",1
Chia sẻ kinh nghiệm học lập trình Python,Đây là một chủ đề rất thú vị để thảo luận,0
Cập nhật tin tức nóng hổi trong ngày,Đây là một chủ đề rất thú vị để thảo luận,0
Chia sẻ kinh nghiệm học lập trình Python,Ai có thể giúp mình giải bài tập toán này không?,0
Cùng nhau thảo luận về trí tuệ nhân tạo,Mình đồng ý với quan điểm trong bài viết,0
Cập nhật tin tức nóng hổi trong ngày,"Tăng follow Facebook giá rẻ, liên hệ zalo 0909123456",1
Những cuốn sách hay nên đọc trong đời,Mình đồng ý với quan điểm trong bài viết,0
Chia sẻ cách học tiếng Anh hiệu quả,"Tăng follow Facebook giá rẻ, liên hệ zalo 0909123456",1
"Hôm nay trời thật đẹp, ai đi chơi không?",Chúc mọi người một ngày vui vẻ và hạnh phúc,0
"Hôm nay trời thật đẹp, ai đi chơi không?","Trời hôm nay thật đẹp, đi chơi thôi",0
"Hôm nay trời thật đẹp, ai đi chơi không?","Trời hôm nay thật đẹp, đi chơi thôi",0
Cùng nhau thảo luận về trí tuệ nhân tạo,"Đăng ký khóa học làm giàu, đảm bảo thành công 100%",1
Ai có kinh nghiệm du lịch Đà Lạt cho mình xin,Đây là một chủ đề rất thú vị để thảo luận,0
Cách giảm stress hiệu quả khi làm việc,"Cho vay tiền nhanh, thủ tục đơn giản, lãi suất thấp, gọi ngay 0987654321",1
Cập nhật tin tức nóng hổi trong ngày,"Tăng follow Facebook giá rẻ, liên hệ zalo 0909123456",1
Món ăn ngon dễ làm tại nhà,Mình đồng ý với quan điểm trong bài viết,0
Cập nhật tin tức nóng hổi trong ngày,"Đăng ký khóa học làm giàu, đảm bảo thành công 100%",1
Tin bóng đá mới nhất hôm nay,"Thuốc giảm cân an toàn, hiệu quả, inbox để biết thêm chi tiết",1
Tin bóng đá mới nhất hôm nay,Đây là một chủ đề rất thú vị để thảo luận,0
Chia sẻ kinh nghiệm học lập trình Python,"Mua ngay iPhone 15 giá rẻ chỉ 5 triệu, liên hệ 0123456789",1
"Hôm nay trời thật đẹp, ai đi chơi không?",Chúc mọi người một ngày vui vẻ và hạnh phúc,0
Chia sẻ kinh nghiệm học lập trình Python,"Trời hôm nay thật đẹp, đi chơi thôi",0
Ai có kinh nghiệm du lịch Đà Lạt cho mình xin,"Xổ số trực tuyến uy tín, chơi là trúng",1
Chia sẻ kinh nghiệm học lập trình Python,Mình đồng ý với quan điểm trong bài viết,0
Món ăn ngon dễ làm tại nhà,"Trời hôm nay thật đẹp, đi chơi thôi",0
Ai có kinh nghiệm du lịch Đà Lạt cho mình xin,Xem phim nóng miễn phí tại xxx.com,1
Cách giảm stress hiệu quả khi làm việc,"Kiếm tiền online tại nhà dễ dàng, đăng ký ngay tại http://kiemtiennhanh.com",1
Cách giảm stress hiệu quả khi làm việc,"Tăng follow Facebook giá rẻ, liên hệ zalo 0909123456",1
Những cuốn sách hay nên đọc trong đời,"Tăng follow Facebook giá rẻ, liên hệ zalo 0909123456",1
Những cuốn sách hay nên đọc trong đời,"Hôm qua mình vừa xem phim này, cực kỳ cảm động",0
Tin bóng đá mới nhất hôm nay,Chúc mọi người một ngày vui vẻ và hạnh phúc,0
Cùng nhau thảo luận về trí tuệ nhân tạo,Click vào đây để nhận 1000$ miễn phí!!!,1
Ai có kinh nghiệm du lịch Đà Lạt cho mình xin,"Kiếm tiền online tại nhà dễ dàng, đăng ký ngay tại http://kiemtiennhanh.com",1
Cùng nhau thảo luận về trí tuệ nhân tạo,Chúc mọi người một ngày vui vẻ và hạnh phúc,0
Tin bóng đá mới nhất hôm nay,"Xổ số trực tuyến uy tín, chơi là trúng",1
"Hôm nay trời thật đẹp, ai đi chơi không?","Đăng ký khóa học làm giàu, đảm bảo thành công 100%",1
Món ăn ngon dễ làm tại nhà,"Món ăn này nhìn ngon quá, muốn thử ngay",0
Ai có kinh nghiệm du lịch Đà Lạt cho mình xin,Chúc mọi người một ngày vui vẻ và hạnh phúc,0
Cập nhật tin tức nóng hổi trong ngày,Chúc mọi người một ngày vui vẻ và hạnh phúc,0
Chia sẻ cách học tiếng Anh hiệu quả,"Tăng follow Facebook giá rẻ, liên hệ zalo 0909123456",1
Chia sẻ cách học tiếng Anh hiệu quả,"Kiếm tiền online tại nhà dễ dàng, đăng ký ngay tại http://kiemtiennhanh.com",1
"Hôm nay trời thật đẹp, ai đi chơi không?","Đầu tư coin lợi nhuận cao, cam kết lãi 20%/tháng",1
Cách giảm stress hiệu quả khi làm việc,"Hôm qua mình vừa xem phim này, cực kỳ cảm động",0
Cập nhật tin tức nóng hổi trong ngày,Mình đồng ý với quan điểm trong bài viết,0
Chia sẻ kinh nghiệm học lập trình Python,Mình đã thử cách này và thành công rồi,0
Cách giảm stress hiệu quả khi làm việc,Đây là một chủ đề rất thú vị để thảo luận,0
Cập nhật tin tức nóng hổi trong ngày,"Món ăn này nhìn ngon quá, muốn thử ngay",0
"Hôm nay trời thật đẹp, ai đi chơi không?","Thuốc giảm cân an toàn, hiệu quả, inbox để biết thêm chi tiết",1
Chia sẻ kinh nghiệm học lập trình Python,Mình đồng ý với quan điểm trong bài viết,0
Cập nhật tin tức nóng hổi trong ngày,Đây là một chủ đề rất thú vị để thảo luận,0
Chia sẻ kinh nghiệm học lập trình Python,Xem phim nóng miễn phí tại xxx.com,1
Ai có kinh nghiệm du lịch Đà Lạt cho mình xin,Xem phim nóng miễn phí tại xxx.com,1
Cập nhật tin tức nóng hổi trong ngày,Click vào đây để nhận 1000$ miễn phí!!!,1
Tin bóng đá mới nhất hôm nay,Đây là một chủ đề rất thú vị để thảo luận,0
Những cuốn sách hay nên đọc trong đời,"Kiếm tiền online tại nhà dễ dàng, đăng ký ngay tại http://kiemtiennhanh.com",1
Chia sẻ kinh nghiệm học lập trình Python,Xem phim nóng miễn phí tại xxx.com,1
Chia sẻ kinh nghiệm học lập trình Python,"Tăng follow Facebook giá rẻ, liên hệ zalo 0909123456",1
Chia sẻ cách học tiếng Anh hiệu quả,"Trời hôm nay thật đẹp, đi chơi thôi",0
Cùng nhau thảo luận về trí tuệ nhân tạo,Bạn nào có tài liệu môn AI cho mình xin với,0
Chia sẻ kinh nghiệm học lập trình Python,"Cho vay tiền nhanh, thủ tục đơn giản, lãi suất thấp, gọi ngay 0987654321",1
Tin bóng đá mới nhất hôm nay,"Món ăn này nhìn ngon quá, muốn thử ngay",0
Cập nhật tin tức nóng hổi trong ngày,"Đăng ký khóa học làm giàu, đảm bảo thành công 100%",1
Cách giảm stress hiệu quả khi làm việc,Xem phim nóng miễn phí tại xxx.com,1
Chia sẻ kinh nghiệm học lập trình Python,"Món ăn này nhìn ngon quá, muốn thử ngay",0
"Hôm nay trời thật đẹp, ai đi chơi không?","Đầu tư coin lợi nhuận cao, cam kết lãi 20%/tháng",1
Ai có kinh nghiệm du lịch Đà Lạt cho mình xin,"Xổ số trực tuyến uy tín, chơi là trúng",1
Chia sẻ kinh nghiệm học lập trình Python,Đây là một chủ đề rất thú vị để thảo luận,0
Cùng nhau thảo luận về trí tuệ nhân tạo,Click vào đây để nhận 1000$ miễn phí!!!,1
Tin bóng đá mới nhất hôm nay,Click vào đây để nhận 1000$ miễn phí!!!,1
Chia sẻ kinh nghiệm học lập trình Python,"Trời hôm nay thật đẹp, đi chơi thôi",0
Cập nhật tin tức nóng hổi trong ngày,"Hôm qua mình vừa xem phim này, cực kỳ cảm động",0
"Hôm nay trời thật đẹp, ai đi chơi không?","Tăng follow Facebook giá rẻ, liên hệ zalo 0909123456",1
Tin bóng đá mới nhất hôm nay,"Kiếm tiền online tại nhà dễ dàng, đăng ký ngay tại http://kiemtiennhanh.com",1
Cùng nhau thảo luận về trí tuệ nhân tạo,Ai có thể giúp mình giải bài tập toán này không?,0
Những cuốn sách hay nên đọc trong đời,"Hôm qua mình vừa xem phim này, cực kỳ cảm động",0
Món ăn ngon dễ làm tại nhà,"Thuốc giảm cân an toàn, hiệu quả, inbox để biết thêm chi tiết",1
"Hôm nay trời thật đẹp, ai đi chơi không?","Hôm qua mình vừa xem phim này, cực kỳ cảm động",0
Những cuốn sách hay nên đọc trong đời,"Mua ngay iPhone 15 giá rẻ chỉ 5 triệu, liên hệ 0123456789",1
Chia sẻ cách học tiếng Anh hiệu quả,Chúc mọi người một ngày vui vẻ và hạnh phúc,0
Chia sẻ cách học tiếng Anh hiệu quả,Click vào đây để nhận 1000$ miễn phí!!!,1
Cùng nhau thảo luận về trí tuệ nhân tạo,Mình đã thử cách này và thành công rồi,0
Những cuốn sách hay nên đọc trong đời,Xem phim nóng miễn phí tại xxx.com,1
Những cuốn sách hay nên đọc trong đời,"Đầu tư coin lợi nhuận cao, cam kết lãi 20%/tháng",1
Chia sẻ cách học tiếng Anh hiệu quả,"Hôm qua mình vừa xem phim này, cực kỳ cảm động",0
Cùng nhau thảo luận về trí tuệ nhân tạo,"Đầu tư coin lợi nhuận cao, cam kết lãi 20%/tháng",1
"Hôm nay trời thật đẹp, ai đi chơi không?","Đầu tư coin lợi nhuận cao, cam kết lãi 20%/tháng",1
Cách giảm stress hiệu quả khi làm việc,Mình đã thử cách này và thành công rồi,0
Những cuốn sách hay nên đọc trong đời,"Hôm qua mình vừa xem phim này, cực kỳ cảm động",0
Chia sẻ cách học tiếng Anh hiệu quả,"Đăng ký khóa học làm giàu, đảm bảo thành công 100%",1
Ai có kinh nghiệm du lịch Đà Lạt cho mình xin,"Đầu tư coin lợi nhuận cao, cam kết lãi 20%/tháng",1
Tin bóng đá mới nhất hôm nay,"Trời hôm nay thật đẹp, đi chơi thôi",0
Những cuốn sách hay nên đọc trong đời,"Thuốc giảm cân an toàn, hiệu quả, inbox để biết thêm chi tiết",1
Ai có kinh nghiệm du lịch Đà Lạt cho mình xin,"Kiếm tiền online tại nhà dễ dàng, đăng ký ngay tại http://kiemtiennhanh.com",1
Cùng nhau thảo luận về trí tuệ nhân tạo,Mình đã thử cách này và thành công rồi,0
Chia sẻ kinh nghiệm học lập trình Python,"Mua ngay iPhone 15 giá rẻ chỉ 5 triệu, liên hệ 0123456789",1
Món ăn ngon dễ làm tại nhà,"Cho vay tiền nhanh, thủ tục đơn giản, lãi suất thấp, gọi ngay 0987654321",1
Tin bóng đá mới nhất hôm nay,Mình đã thử cách này và thành công rồi,0
Chia sẻ cách học tiếng Anh hiệu quả,"Đăng ký khóa học làm giàu, đảm bảo thành công 100%",1
Tin bóng đá mới nhất hôm nay,"Thuốc giảm cân an toàn, hiệu quả, inbox để biết thêm chi tiết",1
Tin bóng đá mới nhất hôm nay,"Trời hôm nay thật đẹp, đi chơi thôi",0
Cùng nhau thảo luận về trí tuệ nhân tạo,"Cho vay tiền nhanh, thủ tục đơn giản, lãi suất thấp, gọi ngay 0987654321",1
Cách giảm stress hiệu quả khi làm việc,"Tăng follow Facebook giá rẻ, liên hệ zalo 0909123456",1
Cách giảm stress hiệu quả khi làm việc,Mình đã thử cách này và thành công rồi,0
Ai có kinh nghiệm du lịch Đà Lạt cho mình xin,Mình đồng ý với quan điểm trong bài viết,0
Ai có kinh nghiệm du lịch Đà Lạt cho mình xin,"Thuốc giảm cân an toàn, hiệu quả, inbox để biết thêm chi tiết",1
Ai có kinh nghiệm du lịch Đà Lạt cho mình xin,"Tăng follow Facebook giá rẻ, liên hệ zalo 0909123456",1
Cập nhật tin tức nóng hổi trong ngày,"Bài viết này rất hay và bổ ích, cảm ơn tác giả",0
Cách giảm stress hiệu quả khi làm việc,"Thuốc giảm cân an toàn, hiệu quả, inbox để biết thêm chi tiết",1
Cách giảm stress hiệu quả khi làm việc,"Cho vay tiền nhanh, thủ tục đơn giản, lãi suất thấp, gọi ngay 0987654321",1
Chia sẻ cách học tiếng Anh hiệu quả,"Hôm qua mình vừa xem phim này, cực kỳ cảm động",0
Cập nhật tin tức nóng hổi trong ngày,Ai có thể giúp mình giải bài tập toán này không?,0
Tin bóng đá mới nhất hôm nay,"Mua ngay iPhone 15 giá rẻ chỉ 5 triệu, liên hệ 0123456789",1
Ai có kinh nghiệm du lịch Đà Lạt cho mình xin,"Mua ngay iPhone 15 giá rẻ chỉ 5 triệu, liên hệ 0123456789",1
Chia sẻ cách học tiếng Anh hiệu quả,"Trời hôm nay thật đẹp, đi chơi thôi",0
Chia sẻ cách học tiếng Anh hiệu quả,Ai có thể giúp mình giải bài tập toán này không?,0
Cách giảm stress hiệu quả khi làm việc,"Đăng ký khóa học làm giàu, đảm bảo thành công 100%",1
Cùng nhau thảo luận về trí tuệ nhân tạo,Click vào đây để nhận 1000$ miễn phí!!!,1
Ai có kinh nghiệm du lịch Đà Lạt cho mình xin,Ai có thể giúp mình giải bài tập toán này không?,0
Cùng nhau thảo luận về trí tuệ nhân tạo,"Mua ngay iPhone 15 giá rẻ chỉ 5 triệu, liên hệ 0123456789",1
Chia sẻ cách học tiếng Anh hiệu quả,"Đăng ký khóa học làm giàu, đảm bảo thành công 100%",1
Cách giảm stress hiệu quả khi làm việc,"Đăng ký khóa học làm giàu, đảm bảo thành công 100%",1
Cách giảm stress hiệu quả khi làm việc,"Đăng ký khóa học làm giàu, đảm bảo thành công 100%",1
"Hôm nay trời thật đẹp, ai đi chơi không?","Cho vay tiền nhanh, thủ tục đơn giản, lãi suất thấp, gọi ngay 0987654321",1
Ai có kinh nghiệm du lịch Đà Lạt cho mình xin,Ai có thể giúp mình giải bài tập toán này không?,0
